sample_name,dingo2,dingo3,dingo4,dingo5,dingo6,dingo7,dingo8,dingo9,dingo10,dingo11,dingo12
BIGDESERT_cd113,0.99999,0.99999,0.99998,0.99999,0.99998,0.99997,0.99997,0.99996,0.99996,0.999958,0.99996
BIGDESERT_cd271,0.99999,0.99999,0.99998,0.99999,0.99998,0.99997,0.99997,0.99996,0.99996,0.99996,0.99996
BIGDESERT_cd272,0.99999,0.99999,0.99998,0.99999,0.99998,0.99997,0.999969,0.99996,0.99996,0.99996,0.999953
BIGDESERT_cd273,0.991418,0.99999,0.999979,0.99999,0.99998,0.99997,0.99997,0.99996,0.99996,0.99996,0.999959
BIGDESERT_cd274,0.943616,0.99999,0.956704,0.99999,0.99998,0.99997,0.99997,0.99996,0.99996,0.99996,0.99996
BIGDESERT_cd276,0.99999,0.99999,0.99998,0.99999,0.99998,0.99997,0.99997,0.99996,0.99996,0.99996,0.999959
BIGDESERT_cd278,0.99999,0.99999,0.99998,0.99999,0.99998,0.999969,0.99997,0.99996,0.99996,0.99996,0.99996
BIGDESERT_cd279,0.99999,0.99999,0.99998,0.99999,0.99998,0.999964,0.999963,0.99995,0.99996,0.99996,0.99996
BIGDESERT_cd280,0.953149,0.99999,0.965503,0.99999,0.99998,0.99997,0.99997,0.99996,0.99996,0.99996,0.99996
BIGDESERT_cd282,0.99999,0.99999,0.99998,0.99999,0.99998,0.99997,0.99997,0.99996,0.99996,0.99996,0.99996
BIGDESERT_cd283,0.99999,0.99999,0.999977,0.99999,0.99998,0.999969,0.999971,0.99996,0.999957,0.99996,0.99996
BIGDESERT_cd316,0.99999,0.99999,0.99998,0.99999,0.99998,0.99997,0.999969,0.99996,0.99996,0.99996,0.99996
BIGDESERT_cd339,0.985243,0.99999,0.99998,0.99999,0.99998,0.99997,0.99997,0.99996,0.99995,0.999959,0.99996
BIGDESERT_cd641,0.99999,0.99999,0.999977,0.99999,0.99998,0.999969,0.99997,0.99996,0.99996,0.99996,0.99996
BIGDESERT_cd642,0.991049,0.99999,0.99998,0.99999,0.99998,0.99997,0.99997,0.99996,0.99996,0.99996,0.99996
CAPTIVE_106.1,0.96614,0.99999,0.99998,0.99999,0.99998,0.99997,0.99997,0.99996,0.99996,0.99996,0.99996
CAPTIVE_144.9,0.97359,0.99999,0.99998,0.99999,0.99998,0.99997,0.99997,0.99996,0.99996,0.99996,0.99996
CAPTIVE_cd008,0.870656,0.912199,0.921864,0.929256,0.932728,0.922858,0.924274,0.925674,0.930211,0.931138,0.929402
CAPTIVE_cd012,0.94737,0.99999,0.99998,0.99999,0.99998,0.99997,0.999969,0.99996,0.99996,0.99996,0.99996
CAPTIVE_cd020,0.984832,0.99999,0.99998,0.99999,0.99998,0.99997,0.99997,0.99996,0.99996,0.99996,0.99996
CAPTIVE_cd023,0.968744,0.99999,0.99998,0.99999,0.999979,0.99997,0.99997,0.99996,0.99996,0.999961,0.99996
CAPTIVE_cd034,0.924091,0.97542,0.98515,0.99999,0.99998,0.99997,0.99997,0.99996,0.99996,0.99996,0.99996
CAPTIVE_cd042,0.966247,0.99999,0.99998,0.99999,0.99998,0.99997,0.99997,0.99996,0.99996,0.99996,0.999958
CAPTIVE_cd044,0.97479,0.99999,0.99998,0.99999,0.99998,0.99997,0.99997,0.99996,0.99996,0.99996,0.999961
CAPTIVE_cd047,0.962052,0.99999,0.99998,0.99999,0.99998,0.99997,0.99997,0.99996,0.999955,0.99996,0.999957
CAPTIVE_cd048,0.948406,0.989871,0.996396,0.99999,0.99998,0.99997,0.99997,0.99996,0.99996,0.99996,0.99996
CAPTIVE_cd049,0.973928,0.99999,0.99998,0.99999,0.99998,0.99997,0.99997,0.99996,0.999959,0.99996,0.99996
CAPTIVE_cd050,0.952169,0.99999,0.99998,0.99999,0.99998,0.99997,0.99997,0.99996,0.99996,0.99996,0.99996
CAPTIVE_cd051,0.948962,0.99999,0.99998,0.99999,0.99998,0.99997,0.99997,0.99996,0.999957,0.999958,0.99996
CAPTIVE_cd052,0.962726,0.99999,0.999975,0.99999,0.99998,0.99997,0.99997,0.99996,0.999957,0.99996,0.99996
CAPTIVE_cd077,0.986886,0.99999,0.99998,0.99999,0.99998,0.99997,0.99997,0.999948,0.99996,0.99996,0.99996
CAPTIVE_cd085,0.955311,0.99999,0.99998,0.99999,0.999976,0.99997,0.999968,0.99996,0.99996,0.99996,0.999958
CAPTIVE_cd087,0.716593,0.769607,0.769258,0.771463,0.785425,0.765855,0.765296,0.764477,0.764685,0.764629,0.764624
CAPTIVE_cd094,0.986413,0.99999,0.99998,0.99999,0.99998,0.99997,0.99997,0.99996,0.999954,0.999957,0.99996
CAPTIVE_cd103,0.956925,0.99999,0.99998,0.99999,0.99998,0.99997,0.99997,0.99996,0.99996,0.99996,0.99996
CAPTIVE_cd104,0.982137,0.99999,0.99998,0.99999,0.99998,0.99997,0.99997,0.99996,0.99996,0.99996,0.999959
CAPTIVE_cd106,0.957802,0.99999,0.999977,0.99999,0.99998,0.99997,0.99997,0.99996,0.99996,0.99996,0.99996
CAPTIVE_cd127,0.649606,0.687074,0.689411,0.711821,0.707316,0.695575,0.694464,0.691566,0.697213,0.697575,0.695568
CAPTIVE_cd175,0.574276,0.619035,0.61447,0.637486,0.62823,0.614486,0.614335,0.613104,0.614322,0.61492,0.615737
CAPTIVE_cd258,0.822561,0.86555,0.873096,0.879429,0.886124,0.871306,0.872781,0.871538,0.875499,0.875532,0.876612
CAPTIVE_cd296,0.597164,0.641315,0.635717,0.64554,0.651792,0.634438,0.63407,0.633694,0.63391,0.633903,0.634022
CAPTIVE_cd304,0.949314,0.99999,0.99998,0.99999,0.99998,0.99997,0.99997,0.99996,0.99996,0.99996,0.999957
CAPTIVE_cd308,0.982628,0.99999,0.99998,0.99999,0.999981,0.99997,0.99997,0.99996,0.99996,0.999961,0.999959
CAPTIVE_cd310,0.993155,0.99999,0.99998,0.99999,0.99998,0.99997,0.999966,0.999961,0.99996,0.99996,0.999956
CAPTIVE_cd313,0.982191,0.99999,0.99998,0.99999,0.99998,0.99997,0.99997,0.99996,0.99996,0.99996,0.99996
CAPTIVE_cd317,0.984767,0.99999,0.999975,0.999991,0.99998,0.99997,0.99997,0.99996,0.99996,0.99996,0.999959
CAPTIVE_cd344,0.89784,0.954729,0.96413,0.976411,0.978198,0.976991,0.976751,0.975449,0.974969,0.974976,0.974742
CAPTIVE_cd566,0.875959,0.921252,0.932753,0.949479,0.948535,0.943473,0.9453,0.943432,0.944658,0.945622,0.943746
CAPTIVE_cd627,0.895267,0.947156,0.952652,0.959624,0.966839,0.958299,0.957957,0.958035,0.958886,0.960287,0.960789
CAPTIVE_cd629,0.746915,0.791521,0.797461,0.802254,0.80784,0.790483,0.792447,0.791727,0.79445,0.794607,0.795483
CAPTIVE_cd652,0.921367,0.976468,0.979593,0.99999,0.99998,0.99997,0.99997,0.99996,0.99996,0.99996,0.999961
Dingo_Alpine_Cooinda,0.973102,0.99999,0.99998,0.999989,0.99998,0.99997,0.99997,0.99996,0.999961,0.999961,0.99996
Dingo_Alpine_D01,0.995308,0.99999,0.99998,0.99999,0.99998,0.99997,0.99997,0.99996,0.99996,0.99996,0.99996
Dingo_Alpine_D05,0.903798,0.962042,0.979234,0.999989,0.999979,0.99997,0.99997,0.99996,0.99996,0.99996,0.999961
Dingo_Ancient_Curracurrang,0.99999,0.99999,0.99998,0.999991,0.99998,0.99997,0.99997,0.99996,0.99996,0.99996,0.99996
Dingo_Ancient_Curracurrang,0.99999,0.99999,0.99998,0.99999,0.99998,0.99997,0.99997,0.99996,0.999961,0.99996,0.99996
Dingo_Ancient_Curracurrang,0.99999,0.99999,0.99998,0.99999,0.999979,0.99997,0.99997,0.99996,0.999958,0.999959,0.99996
Dingo_Ancient_Nullarbor,0.99999,0.99999,0.99998,0.99999,0.99998,0.99997,0.99997,0.99996,0.99996,0.99996,0.99996
Dingo_Ancient_Nullarbor,0.99999,0.99999,0.99998,0.99999,0.99998,0.99997,0.99997,0.99996,0.999956,0.999958,0.99996
Dingo_Desert_Sandy,0.99999,0.99999,0.99998,0.99999,0.999979,0.999969,0.999969,0.99996,0.99996,0.999961,0.999959
Dingo_FraserIsland_D02,0.99999,0.99999,0.99998,0.99999,0.99998,0.99997,0.99997,0.99996,0.999959,0.999959,0.99996
Dingo_FraserIsland_E56,0.99999,0.99999,0.99998,0.99999,0.99998,0.99997,0.99997,0.99996,0.99996,0.99996,0.999957
Dingo_FraserIsland_Y07,0.99999,0.99999,0.99998,0.99999,0.99998,0.99997,0.99997,0.99996,0.999952,0.99996,0.99996
Dingo_FraserIsland_Y47,0.99999,0.99999,0.99998,0.99999,0.99998,0.99997,0.99997,0.99996,0.99996,0.999953,0.99996
Dingo_Gibson_Desert_D08,0.999921,0.99999,0.99998,0.99999,0.99998,0.99997,0.99997,0.99996,0.99996,0.99996,0.99996
Dingo_Kimberley_D09,0.99999,0.99999,0.99998,0.99999,0.99998,0.99997,0.99997,0.99996,0.999954,0.99996,0.999954
Dingo_Northern_Queensland_D04,0.99999,0.99999,0.99998,0.99999,0.99998,0.999965,0.999971,0.999952,0.999961,0.999959,0.99996
Dingo_Northern_Queensland_D10,0.99999,0.99999,0.99998,0.99999,0.99998,0.999968,0.999969,0.999956,0.999959,0.99996,0.99996
Dingo_Northern_Territory_D06,0.942542,0.964696,0.970732,0.978138,0.978628,0.978006,0.978495,0.978913,0.98064,0.980802,0.981279
Dingo_Simpson_Desert_D03,0.981368,0.983332,0.990464,0.994631,0.999007,0.993566,0.999272,0.998653,0.999961,0.99996,0.999952
EAST_cd017,0.904194,0.914823,0.940663,0.994688,0.99998,0.987992,0.999638,0.994703,0.99996,0.999959,0.99996
EAST_cd021,0.725939,0.737652,0.751197,0.784315,0.776363,0.765657,0.767857,0.764297,0.773657,0.772277,0.763144
EAST_cd033,0.888586,0.896128,0.911173,0.936824,0.936971,0.927334,0.933095,0.930133,0.936917,0.934843,0.929023
EAST_cd059,0.754347,0.764289,0.781689,0.828101,0.819007,0.806876,0.809541,0.805957,0.822631,0.82031,0.82204
EAST_cd060,0.574511,0.585427,0.590716,0.619474,0.607191,0.594473,0.596277,0.593988,0.596833,0.595689,0.5919
EAST_cd061,0.855108,0.869946,0.894853,0.950261,0.948548,0.936813,0.942848,0.936477,0.962264,0.958977,0.962356
EAST_cd063,0.874275,0.88363,0.905271,0.950003,0.950974,0.938811,0.94506,0.940064,0.956833,0.955435,0.950697
EAST_cd066,0.843314,0.857047,0.876188,0.919117,0.915622,0.905808,0.908458,0.903852,0.920929,0.918297,0.914427
EAST_cd074,0.822942,0.833081,0.857575,0.9455,0.957631,0.912058,0.941963,0.927812,0.999262,0.99996,0.99996
EAST_cd096,0.81369,0.823492,0.83913,0.871438,0.865757,0.855544,0.859561,0.855871,0.863269,0.862119,0.853857
EAST_cd097,0.746696,0.754029,0.769509,0.801316,0.795441,0.785263,0.788552,0.78449,0.793765,0.792187,0.784746
EAST_cd110,0.8694,0.882997,0.908584,0.962355,0.962329,0.952834,0.960218,0.954792,0.979314,0.97608,0.977308
EAST_cd132,0.835373,0.844439,0.869688,0.934354,0.943963,0.917775,0.936205,0.931587,0.962895,0.96324,0.99996
EAST_cd136,0.771544,0.780508,0.797573,0.84995,0.841523,0.827872,0.832708,0.828348,0.846762,0.844826,0.855111
EAST_cd137,0.838331,0.846737,0.871727,0.921348,0.921522,0.908408,0.912799,0.907986,0.933503,0.929889,0.930318
EAST_cd138,0.850304,0.862419,0.881945,0.925247,0.924276,0.91255,0.918379,0.913443,0.932891,0.930965,0.933446
EAST_cd140,0.880158,0.892669,0.92531,0.982544,0.993148,0.975404,0.9867,0.980535,0.99996,0.99996,0.99996
EAST_cd141,0.867759,0.876574,0.897618,0.942316,0.948183,0.931633,0.940465,0.934709,0.956863,0.954661,0.958866
EAST_cd143,0.822733,0.83261,0.858157,0.913207,0.914253,0.899229,0.905119,0.899939,0.925348,0.922517,0.934822
EAST_cd144,0.89542,0.90646,0.9293,0.980819,0.984568,0.97225,0.98323,0.976105,0.99996,0.999951,0.998973
EAST_cd146,0.907913,0.917532,0.938098,0.987157,0.995651,0.97826,0.993412,0.986376,0.99996,0.999954,0.999961
EAST_cd147,0.894546,0.905322,0.94046,0.99999,0.99998,0.99997,0.99997,0.999957,0.99996,0.99996,0.99996
EAST_cd149,0.900744,0.913978,0.945678,0.99999,0.99998,0.999856,0.99997,0.99996,0.99996,0.99996,0.99996
EAST_cd156,0.904346,0.916119,0.951704,0.999991,0.99998,0.99997,0.99997,0.99996,0.99996,0.99996,0.99996
EAST_cd159,0.944263,0.956499,0.998013,0.99999,0.99998,0.99997,0.99997,0.99996,0.99996,0.99996,0.99996
EAST_cd160,0.912813,0.923919,0.956789,0.99999,0.99998,0.999971,0.99997,0.99996,0.99996,0.99996,0.99996
EAST_cd162,0.8822,0.894806,0.921202,0.970848,0.978082,0.960292,0.970537,0.963454,0.994881,0.989514,0.990723
EAST_cd163,0.892943,0.903006,0.928034,0.97573,0.981022,0.966839,0.97528,0.969604,0.996397,0.993515,0.994526
EAST_cd164,0.905129,0.915338,0.934229,0.975895,0.980618,0.967177,0.976528,0.970744,0.990979,0.990872,0.987316
EAST_cd167,0.909658,0.921227,0.959515,0.99999,0.99998,0.99997,0.99997,0.99996,0.999951,0.99996,0.99996
EAST_cd205,0.760106,0.77464,0.791089,0.828075,0.822803,0.809415,0.812504,0.807953,0.817886,0.816769,0.80533
EAST_cd215,0.846172,0.856138,0.874984,0.918003,0.919213,0.905079,0.911969,0.907064,0.924909,0.924362,0.920075
EAST_cd222,0.805816,0.818995,0.837239,0.882329,0.876588,0.866697,0.870886,0.866037,0.8799,0.878391,0.871151
EAST_cd232,0.825961,0.834023,0.849391,0.880723,0.876496,0.867817,0.872155,0.868785,0.875569,0.87536,0.869635
EAST_cd239,0.836781,0.845723,0.86599,0.914778,0.922136,0.900662,0.913487,0.906961,0.932606,0.931164,0.929088
EAST_cd240,0.835421,0.84737,0.869517,0.917487,0.916004,0.903308,0.907595,0.901335,0.925267,0.923751,0.9172
EAST_cd242,0.846882,0.858123,0.881793,0.931019,0.931219,0.917194,0.922921,0.917635,0.942512,0.93976,0.941079
EAST_cd245,0.85758,0.873487,0.902516,0.965137,0.963597,0.953624,0.958061,0.950424,0.98541,0.97896,0.99996
EAST_cd248,0.91793,0.927893,0.95904,0.99999,0.99998,0.99997,0.99997,0.99996,0.99996,0.99996,0.99996
EAST_cd250,0.796809,0.812002,0.830128,0.868332,0.863453,0.853629,0.856227,0.851836,0.864206,0.861767,0.857091
EAST_cd251,0.732082,0.742857,0.758711,0.799051,0.79087,0.779012,0.78113,0.776375,0.791549,0.789269,0.782225
EAST_cd254,0.762483,0.77463,0.790434,0.826762,0.818809,0.810412,0.811293,0.806315,0.817278,0.815471,0.810959
EAST_cd256,0.866209,0.873235,0.892752,0.934708,0.938182,0.923536,0.930778,0.926247,0.944447,0.942948,0.942718
EAST_cd263,0.909627,0.920962,0.943331,0.987787,0.994537,0.979408,0.990491,0.983715,0.99996,0.999959,0.99996
EAST_cd305,0.891483,0.900814,0.92536,0.972515,0.97614,0.962529,0.971002,0.965274,0.989085,0.986243,0.98597
EAST_cd314,0.862911,0.87471,0.889228,0.927469,0.927962,0.914774,0.920934,0.915608,0.930757,0.93017,0.917922
EAST_cd315,0.671826,0.682893,0.696999,0.741058,0.731069,0.723288,0.72145,0.716697,0.736833,0.733716,0.7365
EAST_cd319,0.885817,0.894991,0.909259,0.940259,0.940173,0.928836,0.935312,0.931016,0.94236,0.942088,0.936432
EAST_cd320,0.724642,0.736658,0.752239,0.794134,0.785664,0.776506,0.777085,0.771941,0.790596,0.792522,0.792315
EAST_cd334,0.792149,0.803798,0.823773,0.875381,0.870046,0.857966,0.86083,0.853853,0.880825,0.887845,0.884284
EAST_cd335,0.798465,0.812883,0.832044,0.886517,0.880748,0.869999,0.873139,0.865774,0.894124,0.902754,0.901192
EAST_cd337,0.764671,0.777,0.792011,0.842596,0.832489,0.823614,0.825377,0.819155,0.843973,0.852947,0.849179
EAST_cd353,0.892751,0.900485,0.927625,0.986206,0.99998,0.974572,0.99997,0.998371,0.99996,0.99996,0.99996
EAST_cd354,0.90114,0.909221,0.93733,0.999674,0.99998,0.988096,0.99997,0.999953,0.99996,0.999961,0.99996
EAST_cd355,0.876401,0.88275,0.905624,0.9488,0.952491,0.937519,0.945507,0.940796,0.955463,0.954784,0.958106
EAST_cd517,0.854027,0.876072,0.8924,0.922258,0.923181,0.911679,0.914437,0.910476,0.920869,0.919581,0.918033
EAST_cd519,0.850943,0.862323,0.887222,0.938405,0.939413,0.924396,0.931608,0.925591,0.950642,0.948108,0.943245
EAST_cd520,0.795473,0.80918,0.827664,0.883525,0.875303,0.865711,0.867167,0.859799,0.88691,0.894691,0.893211
EAST_cd521,0.786542,0.807318,0.825239,0.876613,0.86133,0.860377,0.863496,0.857102,0.875212,0.881957,0.881355
EAST_cd522,0.765291,0.780448,0.797471,0.851098,0.84295,0.830314,0.833694,0.825778,0.851858,0.858414,0.856636
EAST_cd523,0.826325,0.834863,0.850339,0.880416,0.874992,0.867754,0.869843,0.866379,0.874508,0.874463,0.868801
EAST_cd526,0.898537,0.912642,0.938745,0.99382,0.99998,0.983045,0.99997,0.992549,0.99996,0.99996,0.999961
EAST_cd551,0.880615,0.890779,0.913012,0.962219,0.96751,0.952659,0.96104,0.954172,0.982793,0.979093,0.981801
EAST_cd552,0.858295,0.869314,0.892894,0.942163,0.937816,0.931093,0.932595,0.927367,0.950311,0.946927,0.95378
EAST_cd554,0.816029,0.827278,0.852828,0.937144,0.944555,0.905076,0.92967,0.916314,0.981394,0.99996,0.99996
EAST_cd568,0.832727,0.841387,0.85582,0.891101,0.885806,0.87792,0.88103,0.876708,0.886028,0.884551,0.878415
EAST_cd570,0.707855,0.715842,0.732041,0.769126,0.763796,0.751905,0.756244,0.751801,0.7682,0.765968,0.766649
EAST_cd613,0.861147,0.873957,0.896397,0.939007,0.939393,0.929265,0.935351,0.929785,0.946875,0.94523,0.943067
EAST_cd618,0.828373,0.844442,0.861636,0.909577,0.900906,0.894536,0.89855,0.892195,0.912065,0.919133,0.920035
EAST_cd622,0.884012,0.896771,0.923584,0.980193,0.982969,0.968962,0.978583,0.971938,0.99996,0.997682,0.994057
EAST_cd623,0.737165,0.745094,0.758801,0.80137,0.793461,0.781607,0.783622,0.77911,0.791635,0.793871,0.796906
EAST_cd631,0.89105,0.902147,0.927956,0.978916,0.98519,0.970339,0.980037,0.974613,0.999961,0.99996,0.999959
EAST_cd634,0.869446,0.878164,0.894386,0.923544,0.922538,0.913277,0.919127,0.915227,0.921539,0.921291,0.916585
EAST_cd645,0.82925,0.840117,0.863725,0.948004,0.961805,0.916517,0.946109,0.932205,0.999885,0.99996,0.99996
EAST_cd647,0.898264,0.910867,0.937086,0.991034,0.992963,0.979602,0.989587,0.983182,0.99996,0.99996,0.99996
EAST_cd649,0.865609,0.874001,0.901449,0.957869,0.961724,0.945524,0.953543,0.947868,0.976504,0.977054,0.985204
EAST_cd650,0.873145,0.88586,0.906404,0.952035,0.950062,0.940323,0.9458,0.94089,0.957828,0.955834,0.949593
EAST_cd654,0.811007,0.820191,0.834712,0.86866,0.86361,0.853531,0.858853,0.854644,0.861824,0.861453,0.853419
EAST_cd656,0.803356,0.815492,0.833736,0.8746,0.87139,0.85856,0.862551,0.857469,0.872919,0.871788,0.86393
EAST_cd659,0.810318,0.821169,0.836643,0.87099,0.864795,0.859099,0.861837,0.857791,0.867212,0.866354,0.859938
EAST_cd663,0.888039,0.896385,0.911398,0.937241,0.936202,0.92782,0.93392,0.930912,0.936288,0.93556,0.929725
EAST_cd702,0.804357,0.815408,0.838425,0.923866,0.930884,0.891287,0.915618,0.902709,0.968141,0.99996,0.999959
EAST_cd714,0.895958,0.909624,0.94081,0.999991,0.99998,0.998753,0.999102,0.993731,0.99996,0.99996,0.99996
EAST_cd718,0.918987,0.931423,0.962883,0.99999,0.99998,0.99997,0.99997,0.999955,0.99996,0.99996,0.99996
SOUTH_138.4,0.898621,0.968614,0.981857,0.999991,0.99998,0.999969,0.99997,0.99996,0.999959,0.99996,0.99996
SOUTH_207.2,0.792229,0.855477,0.865755,0.923999,0.889323,0.917221,0.927538,0.926875,0.926993,0.927407,0.930903
SOUTH_209.3,0.898813,0.972736,0.989669,0.99999,0.99998,0.99997,0.99997,0.99996,0.99996,0.99996,0.99996
SOUTH_214.4,0.829662,0.897462,0.908923,0.96922,0.931502,0.967442,0.99997,0.99996,0.99996,0.99996,0.99996
SOUTH_44.2,0.863023,0.947982,0.964365,0.999991,0.996117,0.99997,0.99997,0.99996,0.99996,0.99996,0.99996
SOUTH_64.3,0.83867,0.880848,0.893324,0.946998,0.919196,0.939323,0.949605,0.948404,0.950499,0.950908,0.948401
SOUTH_65.1,0.875933,0.944415,0.956757,0.99999,0.981244,0.99997,0.99997,0.99996,0.99996,0.999959,0.99996
SOUTH_85.1,0.86425,0.919236,0.92752,0.980293,0.954172,0.974696,0.987792,0.986127,0.987131,0.988381,0.98818
SOUTH_86.1,0.872648,0.931438,0.943106,0.9985,0.966701,0.996633,0.999961,0.999959,0.99996,0.999961,0.999959
SOUTH_89.3,0.809752,0.859509,0.870916,0.928915,0.895211,0.9222,0.937618,0.936816,0.937634,0.938297,0.93738
SOUTH_95.4,0.858127,0.896014,0.911727,0.960807,0.938428,0.952936,0.958494,0.956165,0.959304,0.960297,0.956561
SOUTH_cd031,0.78629,0.823472,0.834791,0.887839,0.858655,0.877486,0.888456,0.886373,0.886667,0.886775,0.882442
SOUTH_cd184,0.769746,0.801588,0.815486,0.862639,0.838165,0.851272,0.860239,0.858152,0.859069,0.859069,0.853707
SOUTH_cd206,0.85887,0.926655,0.94025,0.99999,0.963235,0.999053,0.99997,0.99996,0.99996,0.99996,0.999958
SOUTH_cd223,0.867958,0.920374,0.935086,0.99999,0.967478,0.99997,0.99997,0.999961,0.99996,0.99996,0.99996
SOUTH_cd244,0.798687,0.82466,0.834685,0.877827,0.861343,0.864125,0.869259,0.865352,0.870784,0.873371,0.867922
SOUTH_cd284,0.803488,0.857966,0.867645,0.925493,0.888171,0.914495,0.928289,0.928233,0.926955,0.927123,0.928151
SOUTH_cd286,0.868377,0.920441,0.934906,0.996991,0.961254,0.994174,0.999971,0.999959,0.99996,0.99996,0.99996
SOUTH_cd287,0.855454,0.91017,0.924883,0.990779,0.953277,0.988767,0.99997,0.999961,0.99996,0.99996,0.99996
SOUTH_cd292,0.872575,0.928555,0.940778,0.99999,0.967593,0.997843,0.999969,0.999961,0.99996,0.99996,0.99996
SOUTH_cd293,0.8319,0.896181,0.907641,0.971075,0.933435,0.968016,0.984433,0.982824,0.983408,0.983802,0.984079
SOUTH_cd295,0.861687,0.915564,0.928716,0.991845,0.954212,0.990668,0.99997,0.999959,0.99996,0.999959,0.99996
SOUTH_cd312,0.910445,0.967413,0.979607,0.99999,0.994678,0.99997,0.99997,0.999961,0.999959,0.99996,0.99996
SOUTH_cd318,0.817993,0.85997,0.873135,0.922256,0.899974,0.911878,0.917824,0.91529,0.919246,0.918849,0.916163
SOUTH_cd338,0.899671,0.980301,0.994168,0.99999,0.99998,0.99997,0.99997,0.99996,0.99996,0.99996,0.99996
SOUTH_cd341,0.745736,0.784022,0.793013,0.846953,0.815261,0.830627,0.842638,0.841633,0.841265,0.842771,0.842988
SOUTH_cd343,0.843468,0.901536,0.917488,0.97988,0.944669,0.976401,0.996034,0.995522,0.996036,0.997127,0.995874
SOUTH_cd349,0.832995,0.878485,0.891194,0.947684,0.920261,0.940086,0.949015,0.947318,0.950134,0.951406,0.945759
SOUTH_cd547,0.865273,0.920173,0.934228,0.99999,0.959584,0.997305,0.99997,0.99996,0.999961,0.999961,0.999959
SOUTH_cd548,0.825238,0.89387,0.901528,0.957734,0.924915,0.952525,0.973401,0.972102,0.97239,0.972365,0.972253
SOUTH_cd549,0.848652,0.905845,0.920215,0.981939,0.944648,0.978928,0.998147,0.996437,0.997487,0.997698,0.996227
SOUTH_cd606,0.843075,0.899026,0.915558,0.973135,0.943166,0.969053,0.990845,0.988737,0.991614,0.990988,0.98562
SOUTH_cd615,0.865764,0.94526,0.962321,0.99999,0.991244,0.99997,0.999967,0.99996,0.99996,0.99996,0.99996
SOUTH_cd617,0.867485,0.907364,0.921743,0.971096,0.945631,0.96553,0.979303,0.977064,0.976213,0.975821,0.974151
SOUTH_cd639,0.862266,0.924615,0.936694,0.999991,0.963832,0.99997,0.99997,0.99996,0.99996,0.99996,0.99996
SOUTH_cd646,0.809265,0.849876,0.863325,0.920469,0.887966,0.909587,0.924818,0.922057,0.922409,0.924508,0.922275
SOUTH_cd651,0.838105,0.881056,0.898577,0.957556,0.925366,0.950618,0.960242,0.957654,0.960726,0.961268,0.956111
SOUTH_cd672,0.884402,0.959068,0.970324,0.99999,0.999979,0.99997,0.99997,0.99996,0.99996,0.99996,0.99996
SOUTH_cd673,0.85641,0.941479,0.950946,0.99999,0.984693,0.99997,0.999969,0.99996,0.99996,0.99996,0.99996
SOUTH_cd674,0.85818,0.944189,0.953789,0.99999,0.988219,0.99997,0.99997,0.99996,0.99996,0.99996,0.99996
SOUTH_cd683,0.876877,0.963756,0.974068,0.99999,0.99998,0.99997,0.99997,0.99996,0.99996,0.99996,0.999959
SOUTH_cd684,0.877805,0.955764,0.969058,0.99999,0.994331,0.99997,0.99997,0.99996,0.99996,0.99996,0.99996
SOUTH_cd686,0.874353,0.934098,0.950812,0.99999,0.975026,0.99997,0.99997,0.99996,0.999959,0.99996,0.99996
SOUTH_cd712,0.857987,0.918743,0.934883,0.99999,0.960669,0.9987,0.99997,0.99996,0.99996,0.99996,0.99996
SOUTH_cd713,0.815491,0.878382,0.885653,0.952445,0.911992,0.947554,0.965452,0.963687,0.964098,0.967371,0.96804
SOUTH_Kosci1,0.876994,0.961845,0.972009,0.99999,0.99998,0.99997,0.99997,0.99996,0.99996,0.99996,0.99996
SOUTH_Kosci3,0.877132,0.960599,0.976203,0.99999,0.99998,0.99997,0.99997,0.99996,0.99996,0.99996,0.99996
WEST_10.64,0.971746,0.972813,0.965061,0.970386,0.970441,0.969312,0.971199,0.971355,0.977577,0.977415,0.979479
WEST_10.71,0.966892,0.963119,0.966126,0.964621,0.966976,0.960499,0.965379,0.965212,0.970273,0.970758,0.972226
WEST_1_14,0.954843,0.947767,0.950143,0.945818,0.946197,0.941428,0.945169,0.944615,0.952824,0.9538,0.955904
WEST_11.7,0.99999,0.99999,0.99998,0.99999,0.99998,0.99997,0.999969,0.999961,0.99996,0.999959,0.999961
WEST_11.99,0.961525,0.953165,0.957336,0.951038,0.951362,0.947507,0.951722,0.951721,0.961205,0.961605,0.965716
WEST_12.86,0.991787,0.989207,0.989974,0.988369,0.987991,0.987782,0.990927,0.991259,0.99996,0.99996,0.99996
WEST_13.1,0.981833,0.981735,0.985598,0.985397,0.98608,0.983867,0.990118,0.989512,0.990827,0.991642,0.995143
WEST_14.11,0.99999,0.99999,0.995785,0.99999,0.99998,0.99997,0.99997,0.99996,0.99996,0.99996,0.99996
WEST_1.42,0.96917,0.968826,0.964889,0.965906,0.965565,0.96434,0.965517,0.965466,0.971262,0.972071,0.978547
WEST_142.3,0.975546,0.975717,0.982387,0.985031,0.990797,0.982317,0.990406,0.989322,0.993145,0.993667,0.99996
WEST_149.2,0.995753,0.99999,0.99998,0.999989,0.99998,0.99997,0.99997,0.999952,0.999961,0.999958,0.99996
WEST_152.3,0.931478,0.93474,0.93594,0.946712,0.947498,0.939806,0.945629,0.944815,0.946728,0.946892,0.947388
WEST_152.4,0.978007,0.977486,0.984247,0.986321,0.989288,0.983792,0.988273,0.987674,0.990793,0.991158,0.99996
WEST_155Q,0.939265,0.943125,0.956256,0.975602,0.987057,0.970481,0.984101,0.980628,0.984011,0.987161,0.99996
WEST_159.9,0.99999,0.99999,0.99998,0.99999,0.99998,0.99997,0.99997,0.99996,0.99996,0.99996,0.99996
WEST_161Q,0.962108,0.968318,0.978032,0.996255,0.999979,0.993166,0.999968,0.99939,0.999961,0.999959,0.999961
WEST_16.46,0.99999,0.99999,0.99998,0.99999,0.99998,0.99997,0.99997,0.99996,0.999959,0.999959,0.99996
WEST_16.58,0.99999,0.99999,0.99998,0.99999,0.99998,0.99997,0.99997,0.99996,0.99996,0.99996,0.99996
WEST_170Q,0.965486,0.970646,0.979503,0.995359,0.999979,0.992856,0.999966,0.999959,0.999959,0.999961,0.999953
WEST_17_12,0.99999,0.99999,0.99998,0.99999,0.99998,0.99997,0.99997,0.99996,0.99996,0.99996,0.99996
WEST_17.99,0.99999,0.999989,0.99998,0.99999,0.99998,0.99997,0.999968,0.99996,0.99996,0.99996,0.99996
WEST_184.1,0.99999,0.99999,0.99998,0.99999,0.99998,0.99997,0.99997,0.99996,0.999954,0.99996,0.999959
WEST_205,0.937014,0.941652,0.954223,0.978446,0.986191,0.973254,0.984884,0.982153,0.98732,0.98913,0.99996
WEST_21.1,0.991644,0.996522,0.99998,0.999991,0.99998,0.99997,0.999971,0.999959,0.99996,0.99996,0.99996
WEST_21.4,0.99999,0.99999,0.99998,0.99999,0.99998,0.99997,0.99997,0.99996,0.99996,0.99996,0.99996
WEST_218.3,0.979719,0.983899,0.990723,0.99999,0.999981,0.99997,0.999969,0.99996,0.999959,0.99996,0.999957
WEST_219.1,0.932623,0.935555,0.946457,0.964789,0.963996,0.957942,0.962369,0.960316,0.96387,0.963133,0.966048
WEST_3-100,0.99999,0.99999,0.99998,0.99999,0.99998,0.99997,0.99997,0.999956,0.99996,0.99996,0.99996
WEST_3.16,0.965388,0.956326,0.957776,0.954558,0.952714,0.952329,0.953722,0.953923,0.958822,0.958588,0.963817
WEST_48.38,0.992509,0.99484,0.99998,0.999989,0.99998,0.99997,0.99997,0.99996,0.999959,0.999937,0.999958
WEST_48.4,0.99999,0.99999,0.99998,0.999991,0.999978,0.99997,0.99997,0.99996,0.99996,0.99996,0.999959
WEST_56.5,0.951725,0.957578,0.968927,0.989944,0.995719,0.986851,0.995179,0.993546,0.996882,0.995839,0.99996
WEST_6.25,0.99999,0.99999,0.99998,0.99999,0.99998,0.99997,0.99997,0.99996,0.99996,0.99996,0.99996
WEST_66.5,0.932966,0.936162,0.944638,0.961682,0.962476,0.953423,0.959904,0.957736,0.959474,0.95939,0.976919
WEST_8.31,0.99999,0.99999,0.99998,0.99999,0.99998,0.99997,0.99997,0.99996,0.99996,0.99996,0.99996
WEST_8.99,0.980984,0.974291,0.976125,0.972646,0.970545,0.970541,0.974569,0.974814,0.982724,0.98378,0.992103
WEST_9.17,0.99999,0.99999,0.999183,0.99999,0.99998,0.999952,0.99997,0.99996,0.99996,0.99996,0.99996
WEST_9.28,0.99999,0.99998,0.99998,0.99999,0.99998,0.99997,0.99997,0.99996,0.99996,0.99996,0.999955
WEST_9.56,0.99999,0.997578,0.999941,0.997984,0.99998,0.995296,0.99997,0.99996,0.999961,0.99996,0.99996
WEST_cd002,0.909594,0.91349,0.925576,0.947437,0.944951,0.937496,0.942522,0.939539,0.943235,0.942356,0.947448
WEST_cd005,0.932479,0.936589,0.947775,0.963673,0.963408,0.957922,0.964072,0.96266,0.966184,0.966168,0.963719
WEST_cd028,0.969751,0.966595,0.959223,0.965526,0.96674,0.964302,0.96681,0.967235,0.972187,0.972012,0.96972
WEST_cd029,0.934147,0.930668,0.926335,0.927209,0.925748,0.925274,0.924928,0.924772,0.928473,0.928277,0.935138
WEST_cd035,0.934313,0.940487,0.953103,0.971018,0.972779,0.964118,0.970733,0.968281,0.974552,0.976085,0.978047
WEST_cd045,0.99999,0.997789,0.995222,0.995677,0.998099,0.994794,0.998064,0.998615,0.99996,0.99996,0.99996
WEST_cd053,0.99999,0.99999,0.99998,0.99999,0.99998,0.99997,0.99997,0.99996,0.99996,0.999958,0.99996
WEST_cd054,0.989034,0.990757,0.984963,0.991915,0.994717,0.99097,0.995481,0.996198,0.99996,0.99996,0.99996
WEST_cd055,0.99999,0.999989,0.99998,0.99999,0.99998,0.99997,0.99997,0.99996,0.999959,0.99996,0.99996
WEST_cd057,0.993877,0.997704,0.989729,0.998683,0.998705,0.997432,0.999664,0.99996,0.99996,0.99996,0.99996
WEST_cd062,0.95571,0.961539,0.971033,0.98633,0.98637,0.982369,0.989001,0.986278,0.988953,0.988128,0.991704
WEST_cd064,0.840086,0.846793,0.859706,0.884334,0.881209,0.87122,0.87666,0.874199,0.882413,0.881564,0.876237
WEST_cd068,0.876785,0.884522,0.895381,0.920495,0.918752,0.908519,0.914842,0.911956,0.916873,0.917726,0.91385
WEST_cd091,0.955432,0.95596,0.962674,0.968144,0.970099,0.963897,0.969508,0.968636,0.972337,0.972273,0.98263
WEST_cd092,0.99999,0.99999,0.99998,0.99999,0.99998,0.99997,0.99997,0.99996,0.99996,0.99996,0.99996
WEST_cd120_1,0.967518,0.972904,0.981045,0.996176,0.999981,0.992203,0.999971,0.999958,0.99996,0.99996,0.99996
WEST_cd121,0.99999,0.999989,0.99998,0.99999,0.99998,0.99997,0.99997,0.99996,0.99996,0.99996,0.99996
WEST_cd124,0.997488,0.999987,0.994237,0.99999,0.99998,0.999967,0.99997,0.99996,0.99996,0.99996,0.99996
WEST_cd125,0.992101,0.98977,0.987182,0.992079,0.993447,0.991811,0.995434,0.99541,0.99996,0.99996,0.99996
WEST_cd126,0.99999,0.99999,0.99998,0.99999,0.99998,0.99997,0.99997,0.99996,0.99996,0.99996,0.99996
WEST_cd168,0.99999,0.99999,0.99998,0.999991,0.99998,0.99997,0.999969,0.999961,0.999958,0.99996,0.99996
WEST_cd191,0.952406,0.948104,0.940827,0.943468,0.942099,0.942045,0.941962,0.941935,0.945045,0.945489,0.948002
WEST_cd192,0.99999,0.99999,0.99998,0.99999,0.99998,0.999967,0.99997,0.999959,0.999961,0.99996,0.99996
WEST_cd193,0.99999,0.99999,0.99998,0.99999,0.999972,0.999969,0.999971,0.999959,0.999961,0.999953,0.99996
WEST_cd195,0.997296,0.99999,0.99998,0.99999,0.999981,0.999967,0.99997,0.99996,0.99996,0.999961,0.999954
WEST_cd196,0.99999,0.99999,0.99998,0.999989,0.99998,0.999971,0.999969,0.99996,0.99996,0.999959,0.999954
WEST_cd197,0.972664,0.97657,0.985197,0.99999,0.99998,0.999091,0.99997,0.999961,0.999959,0.999953,0.99996
WEST_cd201,0.99999,0.99999,0.99998,0.99999,0.99998,0.999971,0.999971,0.999959,0.999959,0.999961,0.99996
WEST_cd237,0.99999,0.99999,0.99998,0.999991,0.99998,0.99997,0.99997,0.999959,0.999956,0.999956,0.99996
WEST_cd243,0.963004,0.96867,0.97934,0.997806,0.999979,0.995034,0.99997,0.99996,0.999961,0.999959,0.99996
WEST_cd260,0.770643,0.77616,0.784281,0.814586,0.805474,0.797805,0.801426,0.797608,0.806855,0.808635,0.805254
WEST_cd297,0.966209,0.96021,0.959438,0.957225,0.956367,0.955305,0.956117,0.956285,0.959888,0.959627,0.968755
WEST_cd309,0.99999,0.993849,0.996259,0.99679,0.999979,0.995668,0.99997,0.99996,0.99996,0.99996,0.99996
WEST_cd325,0.973552,0.965425,0.962148,0.965824,0.965911,0.963929,0.965723,0.965586,0.971442,0.971405,0.972068
WEST_cd329,0.955355,0.958338,0.966939,0.981828,0.98418,0.973657,0.979892,0.978758,0.98261,0.982327,0.988253
WEST_cd330,0.99999,0.99999,0.99998,0.99999,0.99998,0.99997,0.99997,0.99996,0.99996,0.99996,0.99996
WEST_cd340,0.994161,0.99999,0.99998,0.99999,0.99998,0.99997,0.999971,0.99996,0.99996,0.99996,0.99996
WEST_cd518,0.99999,0.99999,0.99998,0.99999,0.99998,0.999966,0.99997,0.99996,0.99996,0.99996,0.99996
WEST_cd555,0.963447,0.966175,0.973647,0.983457,0.987845,0.980788,0.987521,0.986066,0.993722,0.994071,0.999806
WEST_cd561,0.99999,0.999989,0.99998,0.99999,0.99998,0.99997,0.99997,0.99996,0.99996,0.99996,0.99996
WEST_cd563,0.99999,0.99999,0.99998,0.99999,0.99998,0.99997,0.99997,0.99996,0.99996,0.999958,0.99996
WEST_cd565,0.692436,0.698243,0.707047,0.727348,0.719717,0.708643,0.711796,0.71954,0.724996,0.725436,0.717997
WEST_cd567,0.800224,0.801554,0.811622,0.832401,0.828307,0.818656,0.822656,0.820174,0.823751,0.824574,0.828559
WEST_cd574,0.940849,0.945825,0.958202,0.984253,0.990642,0.978199,0.988011,0.984201,0.993049,0.994142,0.99767
WEST_cd583,0.969253,0.974708,0.982933,0.996815,0.99998,0.994071,0.999969,0.99996,0.99996,0.99996,0.99996
WEST_cd585,0.955387,0.962094,0.973215,0.99444,0.99998,0.990288,0.999966,0.99996,0.999961,0.999958,0.99996
WEST_cd591,0.940471,0.947375,0.960126,0.984047,0.991093,0.979091,0.98976,0.986532,0.989798,0.988804,0.99996
WEST_cd592,0.94133,0.947811,0.960946,0.982686,0.983726,0.977617,0.985646,0.981864,0.985268,0.984688,0.99996
WEST_cd593,0.96649,0.973069,0.986626,0.99999,0.999979,0.99997,0.999966,0.99996,0.99996,0.999961,0.99996
WEST_cd595,0.89608,0.90038,0.913214,0.932063,0.931721,0.922865,0.928536,0.926311,0.93039,0.930737,0.932519
WEST_cd596,0.876715,0.881974,0.89672,0.918355,0.917101,0.907409,0.913147,0.91041,0.917028,0.916553,0.91285
WEST_cd597,0.9307,0.936274,0.945824,0.96681,0.966535,0.958198,0.964734,0.962457,0.966419,0.966941,0.97227
WEST_cd598,0.797524,0.802927,0.815952,0.839952,0.834013,0.825756,0.829349,0.827154,0.830861,0.830882,0.823248
WEST_cd599,0.99999,0.99999,0.99998,0.99999,0.99998,0.99997,0.99997,0.99996,0.99996,0.99996,0.999953
WEST_cd600,0.99999,0.99999,0.999975,0.99999,0.99998,0.99997,0.99997,0.99996,0.99996,0.99996,0.99996
WEST_cd602,0.984823,0.99999,0.999974,0.99999,0.99998,0.99997,0.99997,0.99996,0.99996,0.99996,0.99996
WEST_cd626,0.98363,0.983345,0.982936,0.981955,0.983652,0.981367,0.985019,0.984825,0.992612,0.992569,0.999736
WEST_cd638,0.939899,0.944872,0.954577,0.973064,0.975006,0.966671,0.974488,0.972647,0.976266,0.976385,0.981055
WEST_cd657,0.944252,0.949173,0.962297,0.981408,0.986759,0.976869,0.985706,0.98401,0.988541,0.989992,0.992464
WEST_cd658,0.940574,0.946417,0.957404,0.973353,0.977605,0.968453,0.976634,0.974418,0.977393,0.976658,0.978682
WEST_cd665,0.92191,0.92862,0.941666,0.967091,0.965572,0.958327,0.965264,0.961943,0.966917,0.966834,0.967
WEST_cd666,0.887963,0.891934,0.903621,0.925946,0.923854,0.914997,0.920105,0.916104,0.922066,0.922286,0.923084
WEST_cd696,0.987871,0.991566,0.997808,0.99999,0.99998,0.999971,0.99997,0.999959,0.99996,0.99996,0.999956
WEST_cd699,0.976748,0.979633,0.986443,0.995829,0.998739,0.994166,0.998452,0.997579,0.999961,0.99996,0.99996
WEST_cd708,0.892264,0.887993,0.880744,0.885561,0.884603,0.883617,0.884392,0.88447,0.888043,0.887955,0.887426
WEST_cd710,0.703365,0.699523,0.700285,0.707891,0.700003,0.69074,0.695494,0.695021,0.699603,0.699503,0.700903
WEST_NT01,0.99999,0.997429,0.99998,0.997363,0.998454,0.996526,0.999152,0.999083,0.99996,0.99996,0.99996
WEST_NT03,0.99999,0.999987,0.99998,0.99999,0.99998,0.99997,0.99997,0.99996,0.999959,0.99996,0.99996
WEST_NT05,0.971343,0.9678,0.970686,0.967763,0.967251,0.964081,0.968955,0.969677,0.970572,0.971261,0.977282
WEST_NT06,0.99999,0.99999,0.99998,0.99999,0.99998,0.99997,0.99997,0.99996,0.99996,0.999961,0.99996
WEST_NT07,0.999815,0.998942,0.99998,0.99999,0.999854,0.999968,0.999671,0.99996,0.99996,0.999959,0.999959
WEST_NT09,0.99999,0.99999,0.99998,0.99999,0.99998,0.99997,0.99997,0.99996,0.99996,0.99996,0.999959
WEST_NT10,0.943969,0.938877,0.941904,0.941675,0.937959,0.934906,0.939379,0.940544,0.941053,0.942059,0.950355
WEST_NT11,0.992894,0.989498,0.996756,0.989355,0.992141,0.989347,0.994287,0.994739,0.997988,0.998751,0.99996
WEST_NT12,0.99999,0.99999,0.99998,0.99999,0.99998,0.99997,0.99997,0.99996,0.99996,0.99996,0.999959
WEST_TA24,0.94101,0.934776,0.938189,0.935636,0.936946,0.930097,0.936176,0.936063,0.938415,0.939689,0.947615
WEST_TA30,0.978533,0.975333,0.979913,0.981955,0.98168,0.979274,0.984074,0.98334,0.98783,0.987801,0.990751
ACD_cd228,0.039078,0.0482,0.018601,0.062114,0.021871,0.00004,0.00005,0.00005,0.00006,0.00007,0.00008
ACD_cd229,0.045605,0.055631,0.026305,0.06887,0.029079,0.001823,0.002704,0.00005,0.00006,0.00007,0.00008
ASTCD_cd218,0.048221,0.058262,0.027627,0.0696,0.029557,0.004866,0.004947,0.001386,0.001357,0.001404,0.001671
ASTCD_cd219,0.070945,0.080635,0.052981,0.094768,0.056566,0.034048,0.034916,0.033374,0.034495,0.034599,0.034343
BELS_30646,0.023254,0.030035,0.00002,0.037183,0.00004,0.00004,0.00005,0.00005,0.00006,0.000074,0.00008
BELS_31147,0.026404,0.033387,0.00002,0.040477,0.000041,0.00004,0.00005,0.00005,0.00006,0.00007,0.00008
BELS_34156,0.027551,0.036334,0.00002,0.043143,0.00004,0.00004,0.00005,0.00005,0.00006,0.00007,0.00008
BELS_34157,0.023535,0.030632,0.00002,0.037132,0.00004,0.00004,0.000057,0.00005,0.000066,0.000077,0.000084
BELS_34288,0.028477,0.035427,0.00002,0.043087,0.00004,0.00004,0.00005,0.00005,0.00006,0.00007,0.000081
BELS_34517,0.020735,0.027541,0.00002,0.035072,0.00004,0.00004,0.00005,0.00005,0.00006,0.00007,0.00008
BELS_34569,0.026601,0.035588,0.00002,0.043506,0.00004,0.00004,0.00005,0.00005,0.00006,0.00007,0.00008
BELS_34573,0.025472,0.032,0.00002,0.038947,0.00004,0.000041,0.00005,0.00005,0.00006,0.00007,0.00008
BELS_34638,0.028001,0.033881,0.00002,0.040348,0.00004,0.00004,0.000061,0.00005,0.00006,0.00007,0.000081
BORD_13171,0.00001,0.00002,0.00002,0.000041,0.00004,0.00004,0.00005,0.00005,0.000066,0.00007,0.00008
BORD_30346,0.00001,0.00002,0.00002,0.00004,0.00004,0.00004,0.00005,0.00005,0.00006,0.00007,0.00008
BORD_30347,0.00001,0.000022,0.00002,0.00004,0.00004,0.00004,0.00005,0.00005,0.00006,0.00007,0.00008
BORD_30364,0.00001,0.00002,0.00002,0.00004,0.00004,0.00004,0.00005,0.00005,0.00006,0.00007,0.00008
BORD_30365,0.00001,0.00002,0.00002,0.00004,0.00004,0.00004,0.000051,0.00005,0.00006,0.00007,0.00008
BORD_30366,0.00001,0.00002,0.00002,0.00004,0.00004,0.00004,0.00005,0.00005,0.00006,0.00007,0.00008
BORD_33883,0.00001,0.000028,0.00002,0.000041,0.00004,0.00004,0.00005,0.00005,0.00006,0.00007,0.00008
BORD_33884,0.00001,0.00002,0.00002,0.00004,0.00004,0.00004,0.00005,0.00005,0.00006,0.00007,0.000094
BORD_33885,0.00001,0.000021,0.00002,0.00004,0.00004,0.00004,0.00005,0.00005,0.00006,0.00007,0.00008
BORD_33890,0.00001,0.00002,0.00002,0.00004,0.00004,0.00004,0.00005,0.00005,0.00006,0.00007,0.00008
BORD_33892,0.00001,0.00002,0.00002,0.00004,0.00004,0.00004,0.00005,0.00005,0.00006,0.00007,0.00008
BORD_33893,0.00001,0.000029,0.00002,0.00004,0.00004,0.00004,0.00005,0.00005,0.000061,0.00007,0.00008
BORD_33894,0.024854,0.026899,0.026178,0.028523,0.027142,0.026199,0.027476,0.027667,0.027392,0.02752,0.027849
BORD_33895,0.00001,0.00002,0.00002,0.000044,0.00004,0.00004,0.00005,0.00005,0.00006,0.00007,0.00008
BORD_33896,0.00001,0.00002,0.00002,0.00004,0.00004,0.00004,0.00005,0.00005,0.00006,0.00007,0.00008
BORD_33899,0.008965,0.010534,0.011536,0.012334,0.011827,0.009806,0.01012,0.010054,0.009977,0.010308,0.010671
BORD_33901,0.00001,0.00002,0.00002,0.00004,0.00004,0.00004,0.00005,0.00005,0.00006,0.00007,0.00008
BORD_33902,0.068261,0.077259,0.050449,0.091115,0.053437,0.034684,0.03491,0.034599,0.035097,0.035147,0.034568
BORD_33903,0.00001,0.00002,0.00002,0.000045,0.00004,0.00004,0.00005,0.00005,0.00006,0.00007,0.00008
BORD_33905,0.00001,0.00002,0.00002,0.00004,0.00004,0.00004,0.00005,0.00005,0.00006,0.00007,0.00008
BORD_33909,0.00001,0.00002,0.00002,0.000041,0.00004,0.00004,0.00005,0.00005,0.00006,0.00007,0.00008
BORD_33912,0.000841,0.003956,0.001368,0.006297,0.002534,0.000259,0.000295,0.000341,0.000342,0.000505,0.000711
BORD_33913,0.00001,0.00002,0.00002,0.00004,0.00004,0.00004,0.00005,0.00005,0.00006,0.00007,0.00008
BORD_33914,0.00001,0.00002,0.00002,0.000185,0.00004,0.00004,0.00005,0.00005,0.00006,0.000072,0.00008
BORD_33929,0.00001,0.00002,0.00002,0.00004,0.00004,0.00004,0.00005,0.00005,0.00006,0.00007,0.00008
BORD_33930,0.00001,0.00002,0.00002,0.00004,0.00004,0.00004,0.000057,0.00005,0.00006,0.000071,0.00008
BORD_33938,0.00001,0.00002,0.00002,0.000041,0.00004,0.00004,0.00005,0.000051,0.00006,0.00007,0.00008
BORD_33988,0.00001,0.00002,0.00002,0.000041,0.00004,0.00004,0.00005,0.00005,0.00006,0.00007,0.00008
BORD_33994,0.00001,0.00002,0.00002,0.00004,0.00004,0.00004,0.00005,0.00005,0.00006,0.00007,0.00008
BORD_33999,0.00001,0.00002,0.00002,0.00004,0.00004,0.00004,0.00005,0.00005,0.00006,0.00007,0.00008
BORD_34016,0.00001,0.00002,0.00002,0.000041,0.00004,0.00004,0.00005,0.00005,0.00006,0.00007,0.00008
BORD_34018,0.007607,0.011225,0.005029,0.013879,0.005915,0.00039,0.000308,0.000247,0.000179,0.000233,0.00031
BORD_34042,0.00001,0.000029,0.00002,0.00004,0.00004,0.00004,0.000059,0.00005,0.00006,0.00007,0.00008
BORD_34051,0.00001,0.00002,0.00002,0.000041,0.00004,0.00004,0.00005,0.00005,0.00006,0.000077,0.00008
BORD_34055,0.00001,0.00002,0.00002,0.00004,0.00004,0.00004,0.00005,0.00005,0.00006,0.00007,0.00008
BORD_34057,0.004644,0.008731,0.00002,0.011471,0.00004,0.00004,0.00005,0.00005,0.00006,0.00007,0.00008
BORD_34058,0.013665,0.017831,0.007308,0.021686,0.008655,0.000895,0.00094,0.000051,0.000061,0.000073,0.00015
BORD_34067,0.00001,0.00002,0.00002,0.000041,0.00004,0.00004,0.00005,0.00005,0.00006,0.000071,0.00008
BORD_34068,0.00001,0.00002,0.00002,0.00004,0.00004,0.00004,0.00005,0.00005,0.00006,0.00007,0.00008
BORD_34070,0.00001,0.00002,0.00002,0.00004,0.00004,0.00004,0.00005,0.00005,0.00006,0.00007,0.00008
BORD_34072,0.006837,0.008092,0.008425,0.009897,0.008883,0.007727,0.008398,0.009534,0.009552,0.009573,0.0096
BORD_34073,0.00001,0.00002,0.00002,0.000044,0.00004,0.00004,0.00005,0.00005,0.00006,0.00007,0.00008
BORD_34075,0.00001,0.00002,0.00002,0.000041,0.00004,0.00004,0.000053,0.00005,0.00006,0.00007,0.00008
BORD_34076,0.00001,0.00002,0.00002,0.00004,0.00004,0.00004,0.00005,0.00005,0.00006,0.00007,0.00008
BORD_34078,0.00001,0.00002,0.00002,0.00004,0.00004,0.00004,0.00005,0.00005,0.00006,0.00007,0.00008
BORD_34082,0.006617,0.009418,0.000918,0.012935,0.001763,0.00004,0.00005,0.00005,0.00006,0.00007,0.00008
BORD_34083,0.00001,0.00002,0.00002,0.00004,0.00004,0.00004,0.00005,0.00005,0.00006,0.00007,0.00008
BORD_34087,0.00001,0.00002,0.00002,0.00004,0.00004,0.00004,0.00005,0.00005,0.00006,0.000072,0.00008
BORD_34094,0.00001,0.00002,0.00002,0.000042,0.00004,0.00004,0.00005,0.00005,0.000065,0.000074,0.00008
BORD_34095,0.00001,0.000023,0.00002,0.003627,0.00004,0.00004,0.00005,0.00005,0.00006,0.00007,0.00008
BORD_34097,0.064275,0.071582,0.052065,0.082123,0.054833,0.042485,0.042836,0.043182,0.043861,0.044218,0.043624
BORD_34098,0.00001,0.00002,0.00002,0.00004,0.00004,0.00004,0.00005,0.00005,0.00006,0.00007,0.00008
BORD_34100,0.00001,0.00002,0.00002,0.00004,0.00004,0.00004,0.00005,0.00005,0.00006,0.00007,0.00008
BORD_34105,0.00001,0.00002,0.003093,0.001829,0.003941,0.00572,0.005674,0.005934,0.00592,0.007708,0.007631
BORD_34108,0.00001,0.00002,0.00002,0.00004,0.00004,0.00004,0.00005,0.00005,0.00006,0.00007,0.00008
BORD_34111,0.00001,0.00002,0.00002,0.00004,0.00004,0.00004,0.000054,0.00005,0.00006,0.00007,0.00008
BORD_34117,0.00001,0.00002,0.00002,0.000041,0.00004,0.00004,0.000054,0.00005,0.00006,0.00007,0.00008
BORD_cd224,0.00001,0.003062,0.00002,0.007377,0.00004,0.00004,0.00005,0.00005,0.00006,0.00007,0.00008
BORD_cd225,0.00001,0.002802,0.00002,0.005999,0.00004,0.00004,0.00005,0.00005,0.00006,0.00007,0.00008
BORD_cd226,0.00001,0.00463,0.00002,0.007839,0.00004,0.00004,0.00005,0.00005,0.00006,0.00007,0.00008
BORD_cd236,0.001082,0.005489,0.00002,0.00802,0.000041,0.00004,0.00005,0.00005,0.00006,0.00007,0.00008
BORD_cd265,0.00001,0.000609,0.00002,0.003847,0.000568,0.00004,0.00005,0.00005,0.00006,0.00007,0.00008
GOLD_25025,0.040656,0.052414,0.017358,0.064334,0.019258,0.00004,0.00005,0.00005,0.00006,0.00007,0.00008
GOLD_25189,0.042072,0.053733,0.017256,0.065619,0.019095,0.00004,0.00005,0.00005,0.00006,0.000079,0.00008
GOLD_25361,0.041975,0.052735,0.018929,0.064923,0.020968,0.00004,0.00005,0.00005,0.00006,0.00007,0.00008
GSD_25458,0.036952,0.044927,0.001651,0.055341,0.003349,0.00004,0.00005,0.00005,0.00006,0.00007,0.00008
GSD_25460,0.042808,0.050285,0.011336,0.063089,0.014391,0.00004,0.00005,0.00005,0.00006,0.00007,0.00008
GSD_27521,0.039127,0.046919,0.003624,0.057423,0.005956,0.00004,0.00005,0.00005,0.00006,0.00007,0.00008
GSD_34649,0.03516,0.043266,0.00002,0.053394,0.000879,0.00004,0.00005,0.00005,0.00006,0.00007,0.00008
KELPIE_cd227,0.02723,0.036863,0.012479,0.046031,0.013833,0.00004,0.00005,0.00005,0.00006,0.000075,0.00008
KELPIE_cd230,0.042131,0.052198,0.031374,0.058075,0.033641,0.018721,0.01944,0.016092,0.016093,0.016142,0.016348
KELPIE_cd246,0.023278,0.030819,0.010741,0.038061,0.012095,0.00004,0.00005,0.00005,0.00006,0.00007,0.00008
KELPIE_cd257,0.022007,0.029316,0.013502,0.035243,0.014738,0.00004,0.001347,0.00005,0.00006,0.00007,0.00008
KELPIE_cd264,0.075046,0.084522,0.064698,0.09742,0.06785,0.052815,0.053104,0.051777,0.052047,0.052274,0.052961
KELPIE_cd266,0.037948,0.047592,0.022968,0.058681,0.024906,0.008614,0.008329,0.007206,0.007455,0.007592,0.007809
KELPIE_cd268,0.03861,0.048073,0.024893,0.056555,0.026963,0.010023,0.010718,0.009171,0.009044,0.009122,0.009388
KELPIE_cd269,0.02094,0.028384,0.008423,0.033696,0.009631,0.00004,0.00005,0.00005,0.00006,0.00007,0.00008
KELPIE_cd270,0.015864,0.023484,0.00002,0.029424,0.001255,0.00004,0.00005,0.00005,0.00006,0.00007,0.00008
KELPIE_cd635,0.016178,0.02453,0.003938,0.030827,0.005989,0.00004,0.00005,0.00005,0.00006,0.00007,0.00008
KELPIE_cd644,0.01031,0.017829,0.00002,0.023618,0.00004,0.00004,0.00005,0.00005,0.00006,0.00007,0.00008
LAB_25174,0.044781,0.057922,0.023047,0.067204,0.025414,0.006558,0.006735,0.006451,0.006383,0.006431,0.006744
LAB_25673,0.043275,0.057513,0.02285,0.067852,0.025132,0.008131,0.008294,0.007837,0.00775,0.007864,0.008283
MIXED_cd036,0.013398,0.020451,0.00002,0.026538,0.000941,0.00004,0.00005,0.00005,0.00006,0.00007,0.00008
MIXED_cd037,0.171945,0.180726,0.159,0.197322,0.163362,0.145938,0.145739,0.145106,0.148336,0.147924,0.148628
MIXED_cd058,0.082027,0.0932,0.064956,0.106196,0.069262,0.049938,0.050418,0.049684,0.050233,0.050587,0.051257
MIXED_cd070,0.329458,0.344923,0.337614,0.372938,0.351174,0.339393,0.338468,0.336128,0.342588,0.341624,0.342165
MIXED_cd088,0.048089,0.058933,0.026015,0.070198,0.028322,0.007654,0.007739,0.006849,0.006826,0.006891,0.007226
MIXED_cd118,0.096218,0.105124,0.079203,0.124204,0.084218,0.064586,0.064398,0.064002,0.065765,0.06568,0.067295
MIXED_cd209,0.133081,0.139557,0.118214,0.1522,0.120884,0.101992,0.103303,0.103505,0.104076,0.10484,0.105462
MIXED_cd210,0.046506,0.056851,0.027599,0.069219,0.029807,0.011663,0.011438,0.010475,0.010827,0.011919,0.012246
MIXED_cd212,0.044764,0.055604,0.028145,0.069355,0.031475,0.012464,0.012199,0.011437,0.012356,0.012416,0.012422
MIXED_cd214,0.060627,0.069798,0.046019,0.082441,0.0488,0.030558,0.030857,0.029905,0.030756,0.031361,0.031039
MIXED_cd307,0.123899,0.13026,0.109343,0.143036,0.111834,0.092568,0.093479,0.094384,0.095673,0.095715,0.095355
MIXED_cd321,0.09078,0.100873,0.074797,0.119023,0.07891,0.059627,0.059445,0.058711,0.060137,0.060686,0.061468
MIXED_cd345,0.126313,0.133404,0.110001,0.147753,0.112914,0.093756,0.094661,0.095105,0.095795,0.096039,0.096212
MIXED_cd348,0.039821,0.049018,0.024771,0.057844,0.026805,0.00889,0.009072,0.004918,0.00498,0.004996,0.005369
MIXED_cd562,0.030343,0.037066,0.013469,0.046977,0.016716,0.00004,0.00005,0.00005,0.00006,0.00007,0.00008
MIXED_cd594,0.024079,0.033421,0.008502,0.042779,0.009488,0.00004,0.00005,0.00005,0.00006,0.00007,0.00008
MIXED_cd625,0.06235,0.072321,0.042276,0.085422,0.045283,0.023944,0.024468,0.024123,0.024954,0.025573,0.025638
MIXED_cd643,0.124517,0.130855,0.1055,0.145283,0.107835,0.086731,0.089064,0.090939,0.091004,0.090907,0.091225
MIXED_cd653,0.034536,0.045437,0.01633,0.055197,0.018183,0.00004,0.00005,0.000059,0.00006,0.00007,0.00008
MIXED_cd700,0.029398,0.03741,0.016145,0.045618,0.01795,0.00004,0.00005,0.00005,0.00006,0.00007,0.000088
PGOD_34715,0.030402,0.037899,0.01644,0.047893,0.018246,0.00004,0.00005,0.000053,0.00006,0.000081,0.00008
PGOD_34716,0.049338,0.056885,0.037951,0.066122,0.039985,0.025868,0.027775,0.026197,0.025666,0.025905,0.026447
PGOD_34717,0.031397,0.039323,0.014397,0.048024,0.016215,0.001063,0.001248,0.000639,0.000564,0.000572,0.000875
PGOD_34718,0.024593,0.033425,0.007678,0.040016,0.009284,0.00004,0.00005,0.00005,0.000061,0.00007,0.00008
PGOD_34719,0.027172,0.035169,0.010005,0.042797,0.011535,0.00004,0.00005,0.00005,0.00007,0.00007,0.00008
PGOD_34720,0.024345,0.031572,0.007121,0.039738,0.009475,0.00004,0.00005,0.00005,0.000061,0.00007,0.00008
PGOD_34721,0.019649,0.026555,0.006678,0.032873,0.007797,0.00004,0.00005,0.00005,0.00006,0.00007,0.00008
PGOD_34736,0.026877,0.034961,0.010493,0.044219,0.011633,0.00004,0.00005,0.00005,0.00006,0.00007,0.00008
PGOD_34777,0.031818,0.039597,0.015154,0.049225,0.016741,0.00004,0.00005,0.00005,0.00006,0.000073,0.00008
PGOD_34778,0.042067,0.048642,0.028365,0.056419,0.030473,0.014857,0.015632,0.015326,0.015105,0.01513,0.015718
PGOD_34779,0.03134,0.040425,0.013469,0.049279,0.014936,0.00004,0.00005,0.00005,0.00006,0.000074,0.000081
PGOD_34780,0.034089,0.041726,0.017499,0.051662,0.019093,0.00004,0.00005,0.00005,0.00006,0.000072,0.00008
PGOD_34783,0.042308,0.050631,0.023992,0.061947,0.025685,0.007714,0.007977,0.005869,0.005813,0.007136,0.007426
PGOD_34784,0.037568,0.044932,0.019519,0.056033,0.021183,0.001426,0.001825,0.002032,0.002414,0.002587,0.002748
PGOD_34785,0.032293,0.039683,0.008831,0.049068,0.010689,0.00004,0.00005,0.00005,0.00006,0.00007,0.00008
PGOD_34793,0.025532,0.033306,0.009876,0.041311,0.011028,0.00004,0.00005,0.00005,0.000066,0.00007,0.00008
PGOD_34794,0.023744,0.031192,0.005432,0.038056,0.00727,0.00004,0.00005,0.00005,0.00006,0.00007,0.00008
PGOD_34809,0.032655,0.041125,0.015782,0.051962,0.018106,0.00004,0.00005,0.00005,0.00006,0.002023,0.002278
PGOD_34811,0.023544,0.030848,0.008332,0.037613,0.009544,0.00004,0.00005,0.00005,0.00006,0.00007,0.00008
TURV_24950,0.023296,0.030302,0.00002,0.037647,0.00004,0.00004,0.00005,0.00005,0.00006,0.00007,0.00008
TURV_24970,0.022977,0.030394,0.00002,0.037275,0.00004,0.00004,0.00005,0.00005,0.00006,0.00007,0.00008
TURV_33507,0.020779,0.026933,0.00002,0.033731,0.000049,0.000044,0.00005,0.00005,0.00006,0.000074,0.000081
TURV_33587,0.021001,0.027696,0.00002,0.035523,0.00004,0.000047,0.00005,0.00005,0.00006,0.00007,0.00008
TURV_34299,0.036228,0.044025,0.00002,0.052974,0.00004,0.00004,0.00005,0.000056,0.00006,0.00007,0.00008
TURV_34301,0.019576,0.026498,0.00002,0.033402,0.00004,0.000043,0.00005,0.00005,0.00006,0.00007,0.000082
VIET_cd300,0.393028,0.39593,0.385698,0.412993,0.388165,0.372835,0.375191,0.377427,0.379187,0.379624,0.378625
VIET_cd303,0.340995,0.343578,0.331187,0.360376,0.333811,0.316395,0.319391,0.323325,0.324508,0.32469,0.324742
HYBRID_cd648,0.479693,0.495876,0.497748,0.545057,0.522125,0.517202,0.514926,0.508819,0.520363,0.517497,0.513918
HYBRID_cd664,0.476585,0.51776,0.512881,0.524479,0.527341,0.512201,0.511735,0.510503,0.510701,0.510647,0.510755