pop1,pop2,pop4,est_Dingo_Ancient_Nullarbor,est_Dingo_Ancient_Curracurrang,se_Dingo_Ancient_Nullarbor,se_Dingo_Ancient_Curracurrang,z_Dingo_Ancient_Nullarbor,z_Dingo_Ancient_Curracurrang,p_Dingo_Ancient_Nullarbor,p_Dingo_Ancient_Curracurrang,n_Dingo_Ancient_Nullarbor,n_Dingo_Ancient_Curracurrang,affinity
BIGDESERT_cd073,CoyoteCalifornia,AndeanFox,0.159346060885954,0.157953582794683,0.00161591727151592,0.00178351949595043,98.61028388939,88.5628574026381,0,0,184115,131029,-0.00438852711940755
BIGDESERT_cd075,CoyoteCalifornia,AndeanFox,0.158676146300704,0.15762977886658,0.00164729729672212,0.00179311325676377,96.3251421685971,87.9084342676002,0,0,184114,131037,-0.00330808673144697
BIGDESERT_cd111,CoyoteCalifornia,AndeanFox,0.159700831717153,0.157882081736697,0.00157906249550142,0.00173735220203538,101.136485840252,90.875115334548,0,0,184077,131006,-0.00572685085818067
BIGDESERT_cd112,CoyoteCalifornia,AndeanFox,0.159768288376405,0.158763632939931,0.00163478832332214,0.00183362138480108,97.7302603016713,86.5847411335436,0,0,184065,130994,-0.00315401807242057
BIGDESERT_cd113,CoyoteCalifornia,AndeanFox,0.158998327105224,0.158278130533008,0.00174477502149115,0.00191381072188594,91.1282687720608,82.7031266587505,0,0,184112,131032,-0.00226993385382755
BIGDESERT_cd114,CoyoteCalifornia,AndeanFox,0.160064303791883,0.158541983043432,0.00159904574761768,0.00176292614544953,100.099890219121,89.9311542078272,0,0,184126,131041,-0.00477806249076702
BIGDESERT_cd115,CoyoteCalifornia,AndeanFox,0.160245057828441,0.158255153268542,0.0016377615043199,0.00178971914069865,97.8439518854027,88.424574375823,0,0,184079,131001,-0.00624773388075915
BIGDESERT_cd271,CoyoteCalifornia,AndeanFox,0.158933742726089,0.157191498274683,0.00160847019999222,0.00176144599445959,98.8104987750835,89.2400327737038,0,0,183361,130499,-0.005511247522947
BIGDESERT_cd272,CoyoteCalifornia,AndeanFox,0.1594392911381,0.157993107206764,0.0015588982335761,0.00172671898140664,102.276907949499,91.4990272928246,0,0,183054,130281,-0.00455588005155337
BIGDESERT_cd273,CoyoteCalifornia,AndeanFox,0.157522792179245,0.15690128781857,0.00160531037639862,0.0017886478080081,98.1260661459337,87.7206161638386,0,0,182080,129599,-0.00197664364853803
BIGDESERT_cd274,CoyoteCalifornia,AndeanFox,0.154165384507783,0.152424025713812,0.00161786367202439,0.00174847667687019,95.2894778302793,87.1753268031314,0,0,178735,127247,-0.00567977476036046
BIGDESERT_cd276,CoyoteCalifornia,AndeanFox,0.15937809031977,0.157823908688085,0.00167980440450673,0.00183469058411344,94.8789572715589,86.0220846254294,0,0,182020,129607,-0.00489965900765574
BIGDESERT_cd278,CoyoteCalifornia,AndeanFox,0.159467395872573,0.158338766379044,0.00167744214181965,0.00186047459952585,95.0658099596726,85.1066531192618,0,0,183213,130375,-0.00355131406368197
BIGDESERT_cd279,CoyoteCalifornia,AndeanFox,0.158270703346577,0.156691903711029,0.0016270975731176,0.00178491063176881,97.2717960873867,87.7869742731887,0,0,183352,130496,-0.00501265737637022
BIGDESERT_cd280,CoyoteCalifornia,AndeanFox,0.156343254606544,0.154874336356767,0.00157088815541702,0.00175946279862002,99.5253889128977,88.0236493083214,0,0,180286,128332,-0.00471990752589023
BIGDESERT_cd282,CoyoteCalifornia,AndeanFox,0.15908001459862,0.157680151222964,0.00161118415087894,0.00177314730285922,98.7348432591255,88.9267073123045,0,0,183579,130668,-0.00441931633677812
BIGDESERT_cd283,CoyoteCalifornia,AndeanFox,0.159861295631087,0.15806465242409,0.00164885013520601,0.00180105069282782,96.9531992130466,87.7624672384505,0,0,182907,130173,-0.00565113737330118
BIGDESERT_cd316,CoyoteCalifornia,AndeanFox,0.159629982322793,0.158280660474099,0.00153852544311596,0.00169967248870197,103.755178724569,93.1242115914794,0,0,182721,130048,-0.00424434311737348
BIGDESERT_cd339,CoyoteCalifornia,AndeanFox,0.157807734204751,0.156402338698037,0.0015923909424208,0.00173255435828961,99.1011252330077,90.2726878090212,0,0,183600,130671,-0.00447278947403027
BIGDESERT_cd628,CoyoteCalifornia,AndeanFox,0.159886674163731,0.15886989046217,0.00158480308568848,0.00175918169906433,100.887407153345,90.3089718058517,0,0,184071,131005,-0.003189843957422
BIGDESERT_cd641,CoyoteCalifornia,AndeanFox,0.159996143525987,0.158926131984035,0.00167308276763157,0.00185487941926073,95.6295448266907,85.6800341487292,0,0,184106,131031,-0.00335508562467409
BIGDESERT_cd642,CoyoteCalifornia,AndeanFox,0.159485590785889,0.158399907419469,0.00160464207624148,0.00178293782012368,99.3901338792314,88.8420816652379,0,0,184153,131057,-0.00341532838883444
CAPTIVE_106.1,CoyoteCalifornia,AndeanFox,0.15470253326163,0.157715512196106,0.00163497611481033,0.00179445223694697,94.6206686814976,87.8906158374209,0,0,184071,130998,0.00964406178926586
CAPTIVE_144.9,CoyoteCalifornia,AndeanFox,0.156449948400413,0.158740758831589,0.00152965182278806,0.00169937786358846,102.278143345886,93.4111019290244,0,0,184110,131026,0.00726801386783815
CAPTIVE_cd001,CoyoteCalifornia,AndeanFox,0.153839560726583,0.15365425641734,0.0015218100248521,0.00162538776090283,101.089858927387,94.533907608602,0,0,183758,130779,-0.00060262775675722
CAPTIVE_cd007,CoyoteCalifornia,AndeanFox,0.156247447715569,0.158067963294542,0.00150900665428703,0.00166663110010251,103.54324632809,94.8428019162843,0,0,183659,130698,0.00579200228560822
CAPTIVE_cd008,CoyoteCalifornia,AndeanFox,0.150070063138628,0.152056115346794,0.00180825533324824,0.00190546187922059,82.9916330837255,79.8001350774813,0,0,183406,130505,0.0065735853083727
CAPTIVE_cd012,CoyoteCalifornia,AndeanFox,0.155656122121841,0.158286053182817,0.00164687666402893,0.00176673904996822,94.5159558828425,89.59220841678,0,0,184013,130957,0.00837711931639619
CAPTIVE_cd015,CoyoteCalifornia,AndeanFox,0.154236399969582,0.157361555150338,0.00157948994755649,0.00169565221425513,97.6494976800513,92.8029662140734,0,0,184154,131057,0.0100294470146738
CAPTIVE_cd016,CoyoteCalifornia,AndeanFox,0.139230710748119,0.141755245413406,0.00176562836905962,0.00189882510033332,78.8561812825159,74.654187680857,0,0,184144,131051,0.00898455816003877
CAPTIVE_cd019,CoyoteCalifornia,AndeanFox,0.15421071224765,0.157307146020748,0.00154715368977386,0.00167582550132458,99.6738160319355,93.8684522322952,0,0,183995,130954,0.00993982749595963
CAPTIVE_cd020,CoyoteCalifornia,AndeanFox,0.15794682566837,0.160376734627318,0.00155962495601652,0.00166086126033283,101.272312333208,96.5623911266247,0,0,184149,131056,0.00763345621257225
CAPTIVE_cd023,CoyoteCalifornia,AndeanFox,0.157613215701026,0.160558160968696,0.00150977888251598,0.00170491264176595,104.394900158076,94.173834503561,0,0,183963,130924,0.00925584601133554
CAPTIVE_cd024,CoyoteCalifornia,AndeanFox,0.157571641993736,0.159347306714695,0.00157300199063923,0.00172003292561093,100.172563627655,92.6420095464724,0,0,184075,131011,0.0056028985587499
CAPTIVE_cd025,CoyoteCalifornia,AndeanFox,0.161866087192737,0.158637503943685,0.00143534315803468,0.0016131146847427,112.771699427174,98.3423593152577,0,0,184075,131012,-0.0100734698091994
CAPTIVE_cd027,CoyoteCalifornia,AndeanFox,0.136104019554624,0.137725765867508,0.00172489083082626,0.00189136599445811,78.9058745760894,72.8181463931669,0,0,184100,131017,0.00592246132167256
CAPTIVE_cd034,CoyoteCalifornia,AndeanFox,0.153836128374715,0.155282132779975,0.0016630858609047,0.00176572649093986,92.5004126311494,87.9423475701046,0,0,170719,121444,0.00467783559553763
CAPTIVE_cd041,CoyoteCalifornia,AndeanFox,0.154506053150425,0.157292374142453,0.00156505534713539,0.00167206480580099,98.7224211803289,94.0707403186464,0,0,184119,131041,0.00893628943615542
CAPTIVE_cd042,CoyoteCalifornia,AndeanFox,0.156119988268308,0.158941513460977,0.00167596108247588,0.00175951206426753,93.1525140414799,90.3327216043519,0,0,184118,131033,0.00895547433495489
CAPTIVE_cd043,CoyoteCalifornia,AndeanFox,0.157375775975876,0.160605077717665,0.00167012172509284,0.00181872787956863,94.2301232367527,88.3062713899549,0,0,184123,131030,0.0101556483803291
CAPTIVE_cd044,CoyoteCalifornia,AndeanFox,0.158339173851871,0.158709498471911,0.00161965760272949,0.00178055106058683,97.7608931573154,89.1350447538436,0,0,184059,130993,0.00116803712605258
CAPTIVE_cd046,CoyoteCalifornia,AndeanFox,0.152955271565495,0.153750133606187,0.00152520814901851,0.00160482985796286,100.284850735897,95.8046317765764,0,0,184044,130982,0.00259161406120882
CAPTIVE_cd047,CoyoteCalifornia,AndeanFox,0.155325056100654,0.157971075637515,0.00156642126840978,0.00173310496976774,99.1591848458106,91.1491677614222,0,0,183153,130363,0.00844574595345413
CAPTIVE_cd048,CoyoteCalifornia,AndeanFox,0.156398239465362,0.156637652388622,0.00157378676928811,0.00172131576738337,99.3770201385713,90.9987902026436,0,0,184035,130970,0.000764809817308953
CAPTIVE_cd049,CoyoteCalifornia,AndeanFox,0.155750594804837,0.157834546906998,0.00159923932501968,0.00175522043269167,97.3904232894726,89.9229202026523,0,0,184094,131018,0.00664557029323873
CAPTIVE_cd050,CoyoteCalifornia,AndeanFox,0.155981245959335,0.157307816599134,0.00160920833647958,0.00177931928534118,96.9304237514515,88.4089875803098,0,0,184067,130999,0.00423433435232783
CAPTIVE_cd051,CoyoteCalifornia,AndeanFox,0.154870669520149,0.157068675566215,0.00165528497926001,0.00177902022701597,93.5613332209315,88.2894264949832,0,0,184102,131017,0.00704626101416571
CAPTIVE_cd052,CoyoteCalifornia,AndeanFox,0.154679109436116,0.156908659131707,0.00163669162456491,0.00176591439190961,94.5071796754847,88.8540576205564,0,0,183614,130679,0.0071554467809764
CAPTIVE_cd071,CoyoteCalifornia,AndeanFox,0.157088575277579,0.159249520407488,0.00157033129634231,0.00169135391189701,100.035308245768,94.1550548866944,0,0,184092,131014,0.00683112517709906
CAPTIVE_cd077,CoyoteCalifornia,AndeanFox,0.156759773805096,0.159256573674693,0.00152175888454525,0.00166619864609793,103.012228413531,95.5807844686801,0,0,184089,131015,0.00790085667880473
CAPTIVE_cd085,CoyoteCalifornia,AndeanFox,0.156224015651783,0.158484529154839,0.00162538633635563,0.0017817630847296,96.1150048806622,88.9481494555103,0,0,184005,130956,0.00718287933505318
CAPTIVE_cd087,CoyoteCalifornia,AndeanFox,0.139194298379045,0.141718379881596,0.00176457976212089,0.00189847539982737,78.8824066596706,74.6485205415266,0,0,184088,131011,0.00898528866044805
CAPTIVE_cd090,CoyoteCalifornia,AndeanFox,0.15939402331804,0.161425904448117,0.00151813521079818,0.00167057115245654,104.993298478491,96.629170335393,0,0,184149,131056,0.00633340062204065
CAPTIVE_cd094,CoyoteCalifornia,AndeanFox,0.156924355416035,0.160477880383644,0.00158004700398137,0.00171238504467959,99.3162576939929,93.7160020652197,0,0,184111,131030,0.0111956519734532
CAPTIVE_cd098,CoyoteCalifornia,AndeanFox,0.156614807129238,0.159422889521654,0.0015657801481286,0.00167752724348626,100.023497753769,95.0344563050664,0,0,184087,131009,0.00888527673177425
CAPTIVE_cd099,CoyoteCalifornia,AndeanFox,0.155925280145146,0.158826380302587,0.00162760111737585,0.00173224482528976,95.8006716022299,91.6881828618075,0,0,184101,131022,0.00921710834921092
CAPTIVE_cd100,CoyoteCalifornia,AndeanFox,0.148839900874159,0.150116846273174,0.00156142530080503,0.00164481344606291,95.3231005014595,91.2667917644397,0,0,183605,130656,0.00427133828287574
CAPTIVE_cd101,CoyoteCalifornia,AndeanFox,0.154877710970962,0.158312726736144,0.00157771807907615,0.00174562212376222,98.1656438022521,90.6912925661963,0,0,184113,131026,0.0109678181439051
CAPTIVE_cd102,CoyoteCalifornia,AndeanFox,0.156366441071966,0.158879925306331,0.0015887061158621,0.00170203567111947,98.4237673102394,93.3470008897237,0,0,184106,131024,0.00797307916104289
CAPTIVE_cd103,CoyoteCalifornia,AndeanFox,0.154713983050865,0.156387875364513,0.00154602462387784,0.00165258522319699,100.072133820742,94.6322605148159,0,0,184080,131006,0.00538052817226549
CAPTIVE_cd104,CoyoteCalifornia,AndeanFox,0.158391378523478,0.159995139652277,0.00152077095406155,0.0016885056133187,104.152027693887,94.7554680246587,0,0,184052,130992,0.00503715150373848
CAPTIVE_cd106,CoyoteCalifornia,AndeanFox,0.154392195281188,0.157618115454433,0.0016554143474324,0.0017723854821013,93.264985603547,88.9299292090594,0,0,183735,130776,0.0103391460546271
CAPTIVE_cd109,CoyoteCalifornia,AndeanFox,0.156088213908846,0.158746281419179,0.00155763867263453,0.00168998698739474,100.208229707628,93.933434164425,0,0,182919,130202,0.00844274547350159
CAPTIVE_cd127,CoyoteCalifornia,AndeanFox,0.134066668114803,0.136395894540078,0.00165237255009538,0.00182897510952887,81.1358601346071,74.5750414149772,0,0,184136,131045,0.00861201048459771
CAPTIVE_cd169,CoyoteCalifornia,AndeanFox,0.139693045667912,0.140964214483849,0.00180150755529429,0.00191812405328836,77.5423035320507,73.490666175728,0,0,183871,130863,0.00452925684248981
CAPTIVE_cd172,CoyoteCalifornia,AndeanFox,0.157555260758771,0.159549556458803,0.00154257966155188,0.00169642723665954,102.137519822001,94.0503388597875,0,0,183177,130390,0.00628907412233799
CAPTIVE_cd175,CoyoteCalifornia,AndeanFox,0.126768551982075,0.128968841246333,0.00164191026451748,0.00176490541682395,77.2079660634372,73.0740809206764,0,0,175426,125005,0.00860370568606401
CAPTIVE_cd180,CoyoteCalifornia,AndeanFox,0.157203237605938,0.158034592036829,0.00159327014979343,0.00177998884533669,98.6670324717498,88.7840350521614,0,0,183716,130743,0.00263722926855897
CAPTIVE_cd233,CoyoteCalifornia,AndeanFox,0.128477268009126,0.130420405207998,0.00205393839931855,0.00210629210177303,62.5516656447687,61.9194294553034,0,0,183046,130287,0.00750542550161355
CAPTIVE_cd258,CoyoteCalifornia,AndeanFox,0.147465406332269,0.149459148446499,0.00171157732106141,0.00181173480994001,86.1576070900611,82.4950470822208,0,0,183126,130350,0.00671464209390113
CAPTIVE_cd296,CoyoteCalifornia,AndeanFox,0.129473306646377,0.131274059484183,0.00193138576416364,0.00208125551692738,67.0364818094451,63.0744559793346,0,0,182611,129973,0.00690612091132221
CAPTIVE_cd304,CoyoteCalifornia,AndeanFox,0.154242637134052,0.157045402727713,0.00160395347189499,0.00175768845939629,96.1640345787729,89.3476895112875,0,0,180772,128656,0.0090037689687825
CAPTIVE_cd306,CoyoteCalifornia,AndeanFox,0.153183452455928,0.153266485046876,0.0015268848292681,0.0016020773663198,100.324169524532,95.6673430815335,0,0,184124,131043,0.000270949935979122
CAPTIVE_cd308,CoyoteCalifornia,AndeanFox,0.161245118433979,0.159557297231269,0.00150470544280683,0.00166594548537314,107.160586947302,95.7758213772111,0,0,184111,131036,-0.00526124842049578
CAPTIVE_cd310,CoyoteCalifornia,AndeanFox,0.159733876442651,0.163061450837041,0.00157094432686611,0.00168119265125545,101.6801637785,96.9915320027559,0,0,184125,131037,0.010308620085775
CAPTIVE_cd313,CoyoteCalifornia,AndeanFox,0.156707297200404,0.159450431473131,0.00160718047237403,0.00173940222016227,97.5044806069136,91.669672272958,0,0,184098,131024,0.00867647387345549
CAPTIVE_cd317,CoyoteCalifornia,AndeanFox,0.158889606933822,0.160496582703247,0.00157590939233478,0.00174784557809594,100.824075106514,91.825379034965,0,0,184142,131049,0.00503145039317915
CAPTIVE_cd344,CoyoteCalifornia,AndeanFox,0.150547822207069,0.153672244269596,0.00170831051293413,0.00183664099459104,88.1267316844484,83.6702680176283,0,0,181537,129267,0.0102702694753579
CAPTIVE_cd566,CoyoteCalifornia,AndeanFox,0.151750253994651,0.155073083343478,0.00164060801976666,0.00170355834053651,92.4963502349786,91.0289243717005,0,0,184059,130992,0.0108297803473941
CAPTIVE_cd627,CoyoteCalifornia,AndeanFox,0.150982303335687,0.151894508747694,0.00152702810623647,0.00161318834905739,98.8732969085943,94.1579505185786,0,0,184159,131063,0.00301180339865425
CAPTIVE_cd629,CoyoteCalifornia,AndeanFox,0.141862195976528,0.142873500045732,0.00169245267201881,0.00184360039073583,83.8204803726124,77.497000306399,0,0,184073,131004,0.00355172914155796
CAPTIVE_cd652,CoyoteCalifornia,AndeanFox,0.153363671908975,0.154115860637609,0.00147196895962338,0.00155680051077988,104.189474177645,98.9952531300266,0,0,184144,131054,0.00244630503501631
CAPTIVE_cd667,CoyoteCalifornia,AndeanFox,0.156476745892409,0.15891438826936,0.00157101670919225,0.00168496711583466,99.6022161806684,94.3130502524023,0,0,183989,130940,0.00772895022375795
Dingo_Alpine_Cooinda,CoyoteCalifornia,AndeanFox,0.159445907787099,0.161180971781487,0.00153120313403263,0.0017320961331287,104.131126852632,93.0554423040856,0,0,179194,127635,0.00541147391236331
Dingo_Alpine_D01,CoyoteCalifornia,AndeanFox,0.159089011239868,0.160599698704123,0.00157630384788352,0.00170994767904856,100.925345994349,93.9208261585428,0,0,179629,127892,0.00472549519975422
Dingo_Alpine_D05,CoyoteCalifornia,AndeanFox,0.153690794553069,0.157098510746916,0.00151043208346349,0.00166966580552112,101.75286676952,94.089793434971,0,0,178742,127245,0.0109647151164304
Dingo_Alpine_D07,CoyoteCalifornia,AndeanFox,0.159890635103593,0.161710726774688,0.00153521194425705,0.00173181642582278,104.148899897317,93.3763673582551,0,0,177845,126683,0.00565946506092313
Dingo_Desert_Sandy,CoyoteCalifornia,AndeanFox,0.166291777365997,0.163731529667473,0.00148433234295965,0.00163132663766388,112.031364239106,100.367103612029,0,0,179164,127592,-0.00775777844764254
Dingo_FraserIsland_D02,CoyoteCalifornia,AndeanFox,0.169991329398931,0.174207967069629,0.00146253240674497,0.00156797849966693,116.230812127621,111.103543260724,0,0,178765,127299,0.012250570277046
Dingo_FraserIsland_E56,CoyoteCalifornia,AndeanFox,0.170489394504391,0.174652278364965,0.00138890534062152,0.00151512745473636,122.750910028252,115.272334231021,0,0,179671,127928,0.0120613770744208
Dingo_FraserIsland_Y07,CoyoteCalifornia,AndeanFox,0.169892932065745,0.174441092741998,0.00146273466806735,0.00159662826357324,116.147470744108,109.2559218209,0,0,179232,127630,0.013208571760494
Dingo_FraserIsland_Y47,CoyoteCalifornia,AndeanFox,0.171467912876592,0.175508128493127,0.0013955343149678,0.00153182917563119,122.869005109737,114.574217076658,0,0,179745,127986,0.011644076635913
Dingo_Gibson_Desert_D08,CoyoteCalifornia,AndeanFox,0.170084452505117,0.161933209347853,0.00150985490411988,0.00169282902488195,112.649534760601,95.658337001367,0,0,179746,127972,-0.0245506311675483
Dingo_Kimberley_D09,CoyoteCalifornia,AndeanFox,0.17250560616096,0.16518213933347,0.00136726305806823,0.00156087101639775,126.168556330841,105.826898954588,0,0,179713,128043,-0.0216870968082297
Dingo_Northern_Queensland_D04,CoyoteCalifornia,AndeanFox,0.167326620188179,0.171795889874147,0.00138898146622398,0.00158037762308662,120.467136716421,108.70559502014,0,0,180442,128447,0.0131789237026657
Dingo_Northern_Queensland_D10,CoyoteCalifornia,AndeanFox,0.167875414784636,0.169790408664156,0.00135254998392319,0.00151472939550633,124.117716003145,112.092898683993,0,0,180214,128345,0.00567126948164521
Dingo_Northern_Territory_D06,CoyoteCalifornia,AndeanFox,0.158387044525385,0.156983646338304,0.00152848925694849,0.00166763786095035,103.623263170062,94.1353335842609,0,0,179044,127474,-0.00444999560116935
Dingo_Simpson_Desert_D03,CoyoteCalifornia,AndeanFox,0.164538781163426,0.162059232509366,0.00148268718652515,0.00162537611956655,110.973361514671,99.7056807704194,0,0,180500,128488,-0.00759205062571179
EAST_cd017,CoyoteCalifornia,AndeanFox,0.153808760828873,0.159292457510003,0.00158664240748199,0.00171175516909963,96.9397767912733,93.0579678598488,0,0,184115,131031,0.0175141339603322
EAST_cd021,CoyoteCalifornia,AndeanFox,0.141336469616792,0.145072565543157,0.00186802546633272,0.00201743105104127,75.6608901559903,71.9095532252659,0,0,184082,131008,0.0130446161528313
EAST_cd033,CoyoteCalifornia,AndeanFox,0.154480285764012,0.156481877581301,0.00172123702368075,0.00189410879616908,89.7495717548918,82.6150419119494,0,0,183928,130906,0.00643676965633342
EAST_cd059,CoyoteCalifornia,AndeanFox,0.145656729212348,0.149985431809054,0.00150399259828291,0.00170682576535499,96.8467061464551,87.8738971800442,0,0,178483,126989,0.0146416958317134
EAST_cd060,CoyoteCalifornia,AndeanFox,0.127908620389675,0.130056214102364,0.00197029952820191,0.00211316539239461,64.9183632025758,61.5456861873865,0,0,183936,130928,0.00832514135858156
EAST_cd061,CoyoteCalifornia,AndeanFox,0.1502297626872,0.153809607400197,0.00174403031539821,0.00193837565070833,86.1394216378045,79.3497418026225,0,0,184103,131024,0.011774280126839
EAST_cd063,CoyoteCalifornia,AndeanFox,0.153264796153934,0.157652225241488,0.0016313082926798,0.00185741687105398,93.952073217357,84.8771364675015,0,0,184085,131012,0.0141112540827224
EAST_cd066,CoyoteCalifornia,AndeanFox,0.148812436429578,0.152950368522538,0.00171668399413412,0.00189959068206886,86.6859811928506,80.5175398923087,0,0,181885,129481,0.0137125319126602
EAST_cd074,CoyoteCalifornia,AndeanFox,0.147208473461983,0.150727669244491,0.00194604150036755,0.00213808846676407,75.6450843592902,70.4964605475904,0,0,184057,130989,0.011811912950673
EAST_cd096,CoyoteCalifornia,AndeanFox,0.14744588979718,0.15076306262991,0.00172860339823007,0.00188666371270578,85.2976975216821,79.9098756257369,0,0,184115,131029,0.0111236527466093
EAST_cd097,CoyoteCalifornia,AndeanFox,0.142752784883681,0.14530772244187,0.00183479744953341,0.00192125407249555,77.8030212108608,75.6317056250282,0,0,184119,131038,0.0088694475404149
EAST_cd110,CoyoteCalifornia,AndeanFox,0.152013244169695,0.157053532809209,0.00169536659529535,0.00194955999980997,89.6639373404739,80.5584505347448,0,0,184081,131010,0.0163080894322647
EAST_cd132,CoyoteCalifornia,AndeanFox,0.14629854169177,0.151590256738413,0.00172364869260576,0.00189450636920795,84.877238801255,80.0157018219946,0,0,182266,129717,0.0177640618731852
EAST_cd133,CoyoteCalifornia,AndeanFox,0.148113192084479,0.153181693747965,0.00173478196955714,0.00189552774948633,85.3785632336785,80.8121610403625,0,0,183034,130287,0.0168223952739256
EAST_cd134,CoyoteCalifornia,AndeanFox,0.14912580155336,0.154583477226482,0.00173827052120491,0.00190726358013105,85.7897546637281,81.0498762923266,0,0,183082,130305,0.0179700656333192
EAST_cd135,CoyoteCalifornia,AndeanFox,0.153166622106087,0.158245815765939,0.00161232002567831,0.00180921260909519,94.9976553455317,87.4666774763853,0,0,183271,130450,0.0163101823888589
EAST_cd136,CoyoteCalifornia,AndeanFox,0.141897019272686,0.145711638531499,0.00146409854339829,0.00159873991110094,96.9176698607538,91.1415531192673,0,0,179218,127539,0.0132632281932568
EAST_cd137,CoyoteCalifornia,AndeanFox,0.148735819273183,0.152871900350771,0.00176163074629403,0.00192642671318406,84.4307580269481,79.355160154574,0,0,183083,130297,0.013713445672892
EAST_cd138,CoyoteCalifornia,AndeanFox,0.149095461978758,0.15298060554875,0.0016011132693687,0.00175112094439587,93.1198715488407,87.3615303605015,0,0,176112,125517,0.0128614742696829
EAST_cd139,CoyoteCalifornia,AndeanFox,0.146147051283446,0.150762716507409,0.00168189509057629,0.00191518587088091,86.8942730746481,78.7196265384231,0,0,179434,127767,0.0155456833175483
EAST_cd140,CoyoteCalifornia,AndeanFox,0.151364026229137,0.155835871851418,0.00149289936439324,0.00164618629719516,101.389303150153,94.6647849741774,0,0,180715,128684,0.0145567939645221
EAST_cd141,CoyoteCalifornia,AndeanFox,0.15154978500883,0.156856791481439,0.00170870633820875,0.00189164892249832,88.6927037256157,82.9206675804705,0,0,183961,130914,0.0172078252448545
EAST_cd142,CoyoteCalifornia,AndeanFox,0.152838206049411,0.15773173335392,0.00166932511395153,0.00185715657183644,91.5568841396157,84.9318445982981,0,0,182034,129585,0.0157566032112165
EAST_cd143,CoyoteCalifornia,AndeanFox,0.148528302299408,0.152315561701408,0.00169695543617813,0.00184483163435133,87.5263422555881,82.5633943310842,0,0,182918,130170,0.0125887872587267
EAST_cd144,CoyoteCalifornia,AndeanFox,0.153700885821346,0.15861194265409,0.00164842098522854,0.00189614443081003,93.2412819289826,83.6497157478299,0,0,184010,130948,0.0157248002162374
EAST_cd146,CoyoteCalifornia,AndeanFox,0.15528204208905,0.161234801590599,0.00156811519232931,0.00176860104714336,99.0246398023797,91.1651623473959,0,0,184086,131017,0.0188070860063746
EAST_cd147,CoyoteCalifornia,AndeanFox,0.151153801068422,0.156053314313035,0.00155568120172774,0.00180128150951896,97.1624526288231,86.6346062447007,0,0,179147,127583,0.0159485669416522
EAST_cd149,CoyoteCalifornia,AndeanFox,0.153678570457186,0.15826518393974,0.00166433917353684,0.00183666070059322,92.3360892423198,86.1700715263422,0,0,183835,130840,0.0147033348733673
EAST_cd150,CoyoteCalifornia,AndeanFox,0.154775586905674,0.159926010970762,0.00162118584630883,0.00179491187748877,95.4706008925945,89.0996449332718,0,0,183590,130650,0.0163660562890129
EAST_cd151,CoyoteCalifornia,AndeanFox,0.147274730079749,0.151922561945735,0.00157710491160752,0.0017496160777448,93.3829632992735,86.8319420918666,0,0,178386,126966,0.0155343380099515
EAST_cd152,CoyoteCalifornia,AndeanFox,0.155057301496164,0.160131346739546,0.00153621336284115,0.00170885545472251,100.934743341506,93.7067826872162,0,0,182805,130139,0.0160984390516109
EAST_cd155,CoyoteCalifornia,AndeanFox,0.150349956502565,0.154903111999733,0.0015681154405826,0.00176720612186148,95.8793929397857,87.6542413946411,0,0,177022,126039,0.014916002382903
EAST_cd156,CoyoteCalifornia,AndeanFox,0.154035163020091,0.159486674453555,0.00169394490950457,0.00189002294236889,90.9328055214864,84.3834595222741,0,0,184057,130989,0.0173879799805698
EAST_cd159,CoyoteCalifornia,AndeanFox,0.1557967858543,0.161092245014447,0.00158596409040719,0.00183774250873641,98.2347499521884,87.6576801421491,0,0,183688,130746,0.0167107682636696
EAST_cd160,CoyoteCalifornia,AndeanFox,0.154456893018163,0.15936198906279,0.00160276323404042,0.00181197820281056,96.3691266044275,87.9491755560879,0,0,182975,130259,0.0156303406987529
EAST_cd162,CoyoteCalifornia,AndeanFox,0.152754978910267,0.158007459456639,0.00167742360318719,0.00191415747084903,91.0652375583749,82.5467402044797,0,0,183976,130930,0.016901915733363
EAST_cd163,CoyoteCalifornia,AndeanFox,0.154731937520006,0.159007226559508,0.00163513554243049,0.00178163150619487,94.6294258211831,89.2480998492828,0,0,183931,130906,0.0136268898785567
EAST_cd164,CoyoteCalifornia,AndeanFox,0.15495449949437,0.159549507572328,0.00162381837899411,0.00178106404886003,95.4260042249051,89.5810050595583,0,0,183954,130916,0.0146103323795914
EAST_cd165,CoyoteCalifornia,AndeanFox,0.154511337750796,0.159550403664376,0.00168903899775155,0.00187125757846801,91.4788456373601,85.2637314607429,0,0,183061,130265,0.0160448257430997
EAST_cd166,CoyoteCalifornia,AndeanFox,0.154752828935188,0.159570059470958,0.00166176210210718,0.00182628663343691,93.1257420896497,87.3740499160643,0,0,183638,130708,0.0153257389565144
EAST_cd167,CoyoteCalifornia,AndeanFox,0.15422451332318,0.15874888725175,0.00162205582105728,0.00177766275123389,95.0796583699898,89.302027137353,0,0,183027,130308,0.0144560972921635
EAST_cd177,CoyoteCalifornia,AndeanFox,0.123814077270026,0.125743728685619,0.00155263456477566,0.00167537854236895,79.7445065818922,75.0539209531836,0,0,173599,123645,0.0077322823391696
EAST_cd205,CoyoteCalifornia,AndeanFox,0.142516690335121,0.145757673066091,0.00181671999170705,0.00200448028909608,78.4472516324366,72.7159423113216,0,0,183789,130793,0.0112427018925001
EAST_cd215,CoyoteCalifornia,AndeanFox,0.149659632217486,0.153470350404347,0.00161546046211141,0.00181630039133506,92.6420891922544,84.4961280284364,0,0,183478,130592,0.0125712348013252
EAST_cd222,CoyoteCalifornia,AndeanFox,0.146376484780003,0.150607768131877,0.00181156016337719,0.00199965938498793,80.8013378408155,75.316711067163,0,0,184034,130971,0.0142475007020957
EAST_cd232,CoyoteCalifornia,AndeanFox,0.148442794100641,0.150874178643615,0.00172487184148557,0.00183786341554545,86.0601875051728,82.0921605857406,0,0,181511,129207,0.00812310949386339
EAST_cd238,CoyoteCalifornia,AndeanFox,0.150272767147296,0.153907188857725,0.00153893799647911,0.00167823325155564,97.647057575484,91.7078652297347,0,0,182390,129812,0.0119482616743117
EAST_cd239,CoyoteCalifornia,AndeanFox,0.148712371482437,0.153076677520262,0.00175857094727853,0.00195954172654447,84.5643286172651,78.1186108193794,0,0,183438,130525,0.0144614460075607
EAST_cd240,CoyoteCalifornia,AndeanFox,0.148570579691076,0.15258465438754,0.00168107370440075,0.00182734650165458,88.3783853748621,83.5006684552612,0,0,181752,129379,0.013328922237546
EAST_cd242,CoyoteCalifornia,AndeanFox,0.149443471770162,0.152808506592506,0.00158544389466288,0.0016862746842892,94.2597037165668,90.6189887188625,0,0,182201,129719,0.0111332102458765
EAST_cd245,CoyoteCalifornia,AndeanFox,0.149768823404,0.154232170331305,0.00182149579834739,0.00200544470047923,82.2229859327058,76.9067181430877,0,0,182977,130209,0.0146820142673325
EAST_cd248,CoyoteCalifornia,AndeanFox,0.154622997430167,0.159713421050593,0.00173627522212692,0.00193222131384817,89.0544283876583,82.6579335948379,0,0,182890,130191,0.0161941897952156
EAST_cd250,CoyoteCalifornia,AndeanFox,0.145180746118273,0.149543334829328,0.00177076035804551,0.00192520706307991,81.9878000197145,77.6764939715581,0,0,181553,129234,0.0148022811608339
EAST_cd251,CoyoteCalifornia,AndeanFox,0.140283681209088,0.144453251506121,0.00182901187843472,0.00196628940593538,76.6991635555385,73.4648984376762,0,0,179039,127423,0.0146435878804799
EAST_cd254,CoyoteCalifornia,AndeanFox,0.143317015483614,0.146063509232824,0.0016298081942288,0.00181439591401122,87.9348968738186,80.5025563080722,0,0,181805,129430,0.0094909419073768
EAST_cd256,CoyoteCalifornia,AndeanFox,0.152367452095315,0.156413357110586,0.00159087840648132,0.00177332155051666,95.7756742907332,88.2036069910809,0,0,183594,130657,0.0131028383068075
EAST_cd263,CoyoteCalifornia,AndeanFox,0.154812040739431,0.159380971357868,0.00156890676661203,0.00177107388423723,98.6751055155042,89.9911476174866,0,0,183311,130484,0.014541795783229
EAST_cd305,CoyoteCalifornia,AndeanFox,0.153456422244896,0.158494892319732,0.00157252681065911,0.00173773435886388,97.5858861068167,91.2077795500083,0,0,182226,129674,0.0161514628712752
EAST_cd314,CoyoteCalifornia,AndeanFox,0.15111911926044,0.154192359351594,0.00178812249321272,0.00202238790780899,84.512733235028,76.2427221584028,0,0,184118,131036,0.010065917289207
EAST_cd315,CoyoteCalifornia,AndeanFox,0.136615146411691,0.139978675054114,0.00180118367866287,0.00197619355255918,75.8474263508257,70.8324722914112,0,0,184070,130989,0.0121605342613849
EAST_cd319,CoyoteCalifornia,AndeanFox,0.153800932990881,0.156212162835918,0.00164780409780602,0.00179220563759569,93.3369040626007,87.1619637607451,0,0,184139,131044,0.00777783221901127
EAST_cd320,CoyoteCalifornia,AndeanFox,0.141590048821848,0.144804146000237,0.00168114474855879,0.00184610125193459,84.2224019931839,78.4378136618956,0,0,184139,131050,0.0112226338260303
EAST_cd334,CoyoteCalifornia,AndeanFox,0.146365542452668,0.150090313553351,0.00178486603091654,0.0019686412607063,82.0036573711411,76.2405607101327,0,0,184099,131025,0.0125643363934993
EAST_cd335,CoyoteCalifornia,AndeanFox,0.146467718981852,0.150333407112846,0.00174986959461577,0.001961689372202,83.7020766761836,76.6346646126224,0,0,184102,131021,0.0130245062808852
EAST_cd337,CoyoteCalifornia,AndeanFox,0.144324478487614,0.147513402387173,0.00172628525002229,0.00197011465539882,83.6040732467304,74.8755418792165,0,0,184080,131009,0.0109270389779425
EAST_cd350,CoyoteCalifornia,AndeanFox,0.147032227580762,0.150044897917712,0.00159489693226708,0.00186117851216826,92.1891719810149,80.6182195510687,0,0,184128,131038,0.0101410377251184
EAST_cd351,CoyoteCalifornia,AndeanFox,0.146261976665835,0.15011740493127,0.00167516931068287,0.0018631884427448,87.3117575239084,80.5701675081885,0,0,184108,131028,0.0130084226664429
EAST_cd353,CoyoteCalifornia,AndeanFox,0.152840017164508,0.158538586595607,0.00170939245058844,0.00188734712879368,89.4118943323371,84.0007564993825,0,0,184101,131017,0.0183010950729566
EAST_cd354,CoyoteCalifornia,AndeanFox,0.154086991468132,0.158590437235589,0.00165341179650103,0.00182092053763785,93.193354368351,87.0935518368729,0,0,184133,131043,0.0144028489236548
EAST_cd355,CoyoteCalifornia,AndeanFox,0.15278532018423,0.157641898628576,0.00158478479345905,0.00175805221714674,96.4076137118598,89.6684962432024,0,0,184144,131056,0.0156448215556606
EAST_cd517,CoyoteCalifornia,AndeanFox,0.150360980432659,0.154276012803467,0.00168400636893444,0.00184530970047897,89.287655442657,83.6044013443507,0,0,184082,131006,0.0128514673455109
EAST_cd519,CoyoteCalifornia,AndeanFox,0.149701021577498,0.155085685650564,0.00182579648337938,0.00206120661028103,81.9921732461745,75.2402427185208,0,0,184127,131041,0.0176669911953771
EAST_cd520,CoyoteCalifornia,AndeanFox,0.146243808923788,0.149752122664212,0.00165471831582164,0.00183587897873357,88.379881654462,81.5697136896872,0,0,184136,131046,0.011852574194526
EAST_cd521,CoyoteCalifornia,AndeanFox,0.145642326410011,0.14817811087284,0.0018050211955452,0.00198417698950471,80.6873219934795,74.6798857443802,0,0,184112,131027,0.0086303882952411
EAST_cd522,CoyoteCalifornia,AndeanFox,0.143309273983299,0.147727937566623,0.00182883928830515,0.00207270897807156,78.3607804686377,71.2728796611225,0,0,184128,131041,0.0151824694848863
EAST_cd523,CoyoteCalifornia,AndeanFox,0.149436539401518,0.151290151908282,0.00160768340586482,0.00175281709866854,92.9514721968109,86.3125719296119,0,0,184130,131044,0.00616377780997945
EAST_cd526,CoyoteCalifornia,AndeanFox,0.153928874019665,0.158567111328176,0.00174707109799424,0.00192239056473021,88.1068172877375,82.4843370735279,0,0,184124,131036,0.0148425500677963
EAST_cd527,CoyoteCalifornia,AndeanFox,0.152212699395516,0.156773333536779,0.00175340595900218,0.00190189367499883,86.8097308635458,82.4301250893404,0,0,184119,131031,0.0147600009553247
EAST_cd550,CoyoteCalifornia,AndeanFox,0.155709460009892,0.160989863532849,0.00151458916171626,0.00173603378201045,102.806400537985,92.7342919251327,0,0,184133,131045,0.0166732390328069
EAST_cd551,CoyoteCalifornia,AndeanFox,0.153128108134549,0.158708369290438,0.00154160908385021,0.00170288563010825,99.3300504899125,93.1996644309863,0,0,183993,130943,0.017894831297379
EAST_cd552,CoyoteCalifornia,AndeanFox,0.15213064093023,0.156303181544136,0.00164616866928977,0.00181397314742837,92.41497774093,86.1662047013889,0,0,184123,131037,0.0135281551823064
EAST_cd553,CoyoteCalifornia,AndeanFox,0.141556466722819,0.143840651597724,0.00170405023280554,0.00190771029011588,83.0705949846098,75.3996308260133,0,0,184135,131042,0.00800353166964824
EAST_cd554,CoyoteCalifornia,AndeanFox,0.146894151779902,0.150084991818841,0.00192060345824489,0.00214392967523536,76.4833319180517,70.0046244764837,0,0,184056,130993,0.0107443236594782
EAST_cd559,CoyoteCalifornia,AndeanFox,0.154626184721497,0.159821115130399,0.00157108462234874,0.00177336765577215,98.4200230350002,90.1229446754573,0,0,184115,131034,0.0165208300766082
EAST_cd568,CoyoteCalifornia,AndeanFox,0.150239810107314,0.154446445743653,0.00175769606808135,0.00188159480094051,85.4754202592666,82.0827341074992,0,0,184104,131026,0.0138064502600886
EAST_cd570,CoyoteCalifornia,AndeanFox,0.13969201589102,0.140858379913881,0.0017568018421196,0.00192495122968547,79.5149529912151,73.17503827715,0,0,184003,130956,0.00415741357097406
EAST_cd613,CoyoteCalifornia,AndeanFox,0.152330980179176,0.156750195213641,0.00168952064337174,0.0017866151158479,90.162248550673,87.7358496652203,0,0,184150,131053,0.014297910666507
EAST_cd618,CoyoteCalifornia,AndeanFox,0.149051781271382,0.151397995557609,0.00162685413844209,0.00183591218198158,91.6196343294285,82.4647262780283,0,0,184082,131009,0.00780900658668958
EAST_cd622,CoyoteCalifornia,AndeanFox,0.15290222207738,0.156483996663056,0.00172252722883038,0.00189263803928543,88.7662148488665,82.6803611757359,0,0,184152,131056,0.0115770333929481
EAST_cd623,CoyoteCalifornia,AndeanFox,0.142024324608056,0.145078521163226,0.00162978348050087,0.00183365890220127,87.1430630554736,79.119688503168,0,0,180969,128840,0.0106379877460439
EAST_cd631,CoyoteCalifornia,AndeanFox,0.152819273181596,0.156796446262673,0.00168203244549104,0.0018913832503183,90.8539389898528,82.9004096532448,0,0,184090,131017,0.0128455140721404
EAST_cd634,CoyoteCalifornia,AndeanFox,0.152785548608541,0.156386917029269,0.00177961657882671,0.00190673607779406,85.8530710639204,82.0181245063533,0,0,184093,131010,0.0116484125237299
EAST_cd636,CoyoteCalifornia,AndeanFox,0.147236706316842,0.149862626879375,0.00185197269724774,0.00206867061136349,79.5026333464059,72.4439289929285,0,0,184110,131030,0.00883852728406771
EAST_cd637,CoyoteCalifornia,AndeanFox,0.151739071409143,0.155206640367686,0.00166892609754447,0.00182832578782896,90.9201861199248,84.8900351353604,0,0,184150,131057,0.0112970105966609
EAST_cd645,CoyoteCalifornia,AndeanFox,0.148067387538051,0.150903513323769,0.00186079384709086,0.0020859848055091,79.5721609728759,72.341616739121,0,0,184129,131044,0.00948629374144201
EAST_cd647,CoyoteCalifornia,AndeanFox,0.153437695169357,0.159349317420536,0.00174269440092091,0.00190153253506955,88.0462432703487,83.8004685598018,0,0,184135,131047,0.0188998328358685
EAST_cd649,CoyoteCalifornia,AndeanFox,0.151733538982964,0.155234007376277,0.00167105607059029,0.00183006409602816,90.8009860670712,84.8243554491808,0,0,184132,131050,0.0114033826534104
EAST_cd650,CoyoteCalifornia,AndeanFox,0.152511078286593,0.157386352074472,0.00161355946517818,0.00174464751549981,94.518411981644,90.210974237615,0,0,184144,131048,0.0157318948472707
EAST_cd654,CoyoteCalifornia,AndeanFox,0.147689567347167,0.150078084860745,0.00178686351374435,0.00196647970482872,82.6529649361331,76.3181458177401,0,0,184143,131054,0.00802141366218631
EAST_cd655,CoyoteCalifornia,AndeanFox,0.144564750995287,0.148732341695367,0.00180299474501908,0.00192696412206077,80.180350716306,77.184800688612,0,0,184113,131029,0.0142094511126828
EAST_cd656,CoyoteCalifornia,AndeanFox,0.14671675754351,0.150507991259608,0.00173563669590657,0.00187299127053904,84.5319518131505,80.3570169423653,0,0,184132,131039,0.0127554442601608
EAST_cd659,CoyoteCalifornia,AndeanFox,0.147553695394795,0.151869081601993,0.00169723440305376,0.00187066130741698,86.937723586859,81.1847024364312,0,0,184094,131018,0.0144123511593916
EAST_cd663,CoyoteCalifornia,AndeanFox,0.154583665955289,0.156875612020407,0.00159557732006768,0.00176189606802809,96.8825916557473,89.0379488706062,0,0,184143,131055,0.00735873427824835
EAST_cd702,CoyoteCalifornia,AndeanFox,0.146054889905168,0.149334625668135,0.0018520150908059,0.00207147903381225,78.8626888788536,72.0908216933804,0,0,184114,131029,0.0111030879230816
EAST_cd714,CoyoteCalifornia,AndeanFox,0.152791958117887,0.158185483358117,0.00160417907858198,0.00182072777930344,95.2461979824275,86.8803591378358,0,0,184136,131045,0.0173437829272456
EAST_cd718,CoyoteCalifornia,AndeanFox,0.155435609146698,0.161316624308951,0.00167844631459409,0.00185967470659158,92.606839906159,86.7445385675072,0,0,184110,131027,0.0185666099275567
HYBRID_cd022,CoyoteCalifornia,AndeanFox,0.120915964606355,0.122258391148471,0.00132665461904439,0.00146407191610161,91.1435145746166,83.5057279658836,0,0,184101,131021,0.00552042808111846
HYBRID_cd026,CoyoteCalifornia,AndeanFox,0.122150470389898,0.12357257095125,0.00135349710677528,0.001455669594278,90.2480469137637,84.890535212794,0,0,183890,130888,0.00578741233866299
HYBRID_cd076,CoyoteCalifornia,AndeanFox,0.122518779011024,0.122572942203808,0.00137499474874362,0.00150538972909945,89.104906853625,81.4227304959316,0,0,183982,130937,0.000220991523155983
HYBRID_cd213,CoyoteCalifornia,AndeanFox,0.114974828452284,0.116672046947578,0.00140790860260904,0.00154170410178349,81.6635598640566,75.6773279727335,0,0,178376,127007,0.0073267489249064
HYBRID_cd630,CoyoteCalifornia,AndeanFox,0.127373220084953,0.126463578113011,0.0012121602557843,0.00132006122671003,105.079521851292,95.8012973596642,0,0,184138,131043,-0.00358357014585777
HYBRID_cd648,CoyoteCalifornia,AndeanFox,0.12132005475105,0.124152502486811,0.00178049302441172,0.001942467385354,68.1384611383886,63.9148453265716,0,0,184106,131023,0.0115387551571239
HYBRID_cd661,CoyoteCalifornia,AndeanFox,0.119213535018891,0.120650401540528,0.00140602968225797,0.00155632766578807,84.7873530147984,77.5224936192563,0,0,184115,131037,0.00599033994958441
HYBRID_cd664,CoyoteCalifornia,AndeanFox,0.12077304525407,0.122422605010159,0.00132501131523172,0.00142034256227624,91.1486897249244,86.1923089976018,0,0,184116,131027,0.00678285057440971
SOUTH_44.2,CoyoteCalifornia,AndeanFox,0.150095664651928,0.154248358525147,0.00167001048563116,0.00185268101984664,89.8770791820513,83.256835295865,0,0,183976,130929,0.0136447360781665
SOUTH_64.3,CoyoteCalifornia,AndeanFox,0.14894934761233,0.152366702301181,0.00166878878605041,0.00186049361110598,89.2559614838103,81.895848172575,0,0,180031,128153,0.0113414293391692
SOUTH_65.1,CoyoteCalifornia,AndeanFox,0.151251311131541,0.155348799123861,0.00153639189053162,0.00172824267574824,98.4457885150673,89.8883017436214,0,0,183048,130266,0.0133642743601988
SOUTH_85.1,CoyoteCalifornia,AndeanFox,0.151202791127022,0.154382029330499,0.00157872899355313,0.00175423585265885,95.775013789239,88.0052868013763,0,0,184155,131058,0.0104037831418361
SOUTH_86.1,CoyoteCalifornia,AndeanFox,0.151599498840162,0.155276360021301,0.0016261114111293,0.00185347180660859,93.2282362712643,83.775949257852,0,0,182776,130096,0.0119815914969025
SOUTH_89.3,CoyoteCalifornia,AndeanFox,0.146974678385786,0.15088558230229,0.0016825033942718,0.0018285366781502,87.3547589182713,82.5171209882047,0,0,181584,129237,0.0131299956142833
SOUTH_95.4,CoyoteCalifornia,AndeanFox,0.150987408771956,0.155943618093513,0.00167844910196567,0.00186098201885117,89.9565012696132,83.7964131377159,0,0,184017,130964,0.0161476321640497
SOUTH_138.4,CoyoteCalifornia,AndeanFox,0.153259427962672,0.156096607804816,0.00164021172498643,0.00182422893099708,93.4388077026704,85.5685408516664,0,0,183974,130928,0.00917124450183894
SOUTH_207.2,CoyoteCalifornia,AndeanFox,0.145508767355452,0.148676858961612,0.001698256612132,0.00187663757769888,85.681260603355,79.2251315482655,0,0,184092,131014,0.0107690224224108
SOUTH_209.2,CoyoteCalifornia,AndeanFox,0.150468543379793,0.153913846938108,0.00167371964943543,0.00191168839480226,89.9006852375474,80.511995237607,0,0,183761,130775,0.0113189976421337
SOUTH_209.3,CoyoteCalifornia,AndeanFox,0.153048697683287,0.155999231634278,0.00172025180899612,0.00194156337977159,88.9687758983385,80.3472259827183,0,0,184095,131014,0.00954717269100226
SOUTH_214.4,CoyoteCalifornia,AndeanFox,0.147004752688325,0.151382517789304,0.00154948517291222,0.00171027013220386,94.8732877592067,88.5138054736607,0,0,180319,128401,0.0146714204462255
SOUTH_cd031,CoyoteCalifornia,AndeanFox,0.145319782285128,0.149361636084235,0.00186733124220129,0.00208899365128389,77.8221769126614,71.4993250421981,0,0,184094,131012,0.0137160117576206
SOUTH_cd179,CoyoteCalifornia,AndeanFox,0.145930533249849,0.150037224861142,0.00170795291042564,0.00191477923382744,85.4417779079646,78.3574535437349,0,0,183685,130737,0.0138754695359528
SOUTH_cd184,CoyoteCalifornia,AndeanFox,0.143728537369583,0.147603607203145,0.00163326138327168,0.00180622555187655,88.0009402301993,81.7193661388493,0,0,182876,130147,0.0133012093095502
SOUTH_cd206,CoyoteCalifornia,AndeanFox,0.149149139631242,0.152714048307956,0.00168992554963077,0.00189401523738351,88.2578168392272,80.6297886594213,0,0,184049,130979,0.0118096833901848
SOUTH_cd223,CoyoteCalifornia,AndeanFox,0.150838626870833,0.154838142691186,0.00170575222556682,0.00192725589306838,88.4293888701856,80.3412474949903,0,0,183872,130856,0.0130841340219722
SOUTH_cd244,CoyoteCalifornia,AndeanFox,0.14561278446025,0.150422682601724,0.00197672369259767,0.00212968025136756,73.6637017128561,70.6315807291404,0,0,183066,130279,0.0162477090640854
SOUTH_cd284,CoyoteCalifornia,AndeanFox,0.145486719206063,0.149103513156312,0.0015774321759565,0.00177247696261751,92.2300948488288,84.1215520996806,0,0,178152,126847,0.0122773722714634
SOUTH_cd286,CoyoteCalifornia,AndeanFox,0.150482264327621,0.154169950745207,0.00153720245223622,0.00171349500391466,97.8935885177057,89.9739715569582,0,0,183613,130681,0.0121045777287561
SOUTH_cd287,CoyoteCalifornia,AndeanFox,0.14983867181312,0.15380893579377,0.00165555251518167,0.00180737064458745,90.5067465024975,85.1009372396207,0,0,183167,130382,0.0130752355071731
SOUTH_cd289,CoyoteCalifornia,AndeanFox,0.145902442595933,0.149116979460785,0.00165779270716045,0.00182824153070384,88.0100642050971,81.5630631710775,0,0,177557,126441,0.0108960177687365
SOUTH_cd290,CoyoteCalifornia,AndeanFox,0.15077771858226,0.153533164150783,0.00173337656639161,0.00187429814881407,86.984975743693,81.915016694611,0,0,182071,129643,0.00905470597625697
SOUTH_cd291,CoyoteCalifornia,AndeanFox,0.14926390102049,0.152586059655537,0.00166562741049751,0.00179609289079586,89.6142198908132,84.9544366204386,0,0,180886,128806,0.0110059932676739
SOUTH_cd292,CoyoteCalifornia,AndeanFox,0.151439136408733,0.154472029307644,0.00173552188542556,0.0018875347996404,87.2585576018819,81.8379768876699,0,0,182679,130023,0.00991429290202027
SOUTH_cd293,CoyoteCalifornia,AndeanFox,0.148780069570338,0.151900565784147,0.00159253641442062,0.00180832566906654,93.4233391607978,84.000668896415,0,0,183699,130733,0.0103781083544982
SOUTH_cd295,CoyoteCalifornia,AndeanFox,0.150564121029551,0.154675211185561,0.00166108089927261,0.00178835896548058,90.6422565544421,86.4900247495866,0,0,183294,130454,0.0134684155091519
SOUTH_cd312,CoyoteCalifornia,AndeanFox,0.154301606787897,0.156528265404764,0.00156753918804912,0.00174285572700212,98.4355657353185,89.8113727829945,0,0,184094,131020,0.00716359274338688
SOUTH_cd318,CoyoteCalifornia,AndeanFox,0.146967617026612,0.150640705416347,0.00162202172358461,0.00175684835976621,90.6076749094452,85.7448536061435,0,0,182843,130117,0.012342021753908
SOUTH_cd338,CoyoteCalifornia,AndeanFox,0.152748276555209,0.155708266222886,0.00165083514587947,0.00182066184878062,92.527880168091,85.5228917589341,0,0,184079,131003,0.00959613189273782
SOUTH_cd341,CoyoteCalifornia,AndeanFox,0.141434268527015,0.146058369850531,0.00157100861535098,0.00177319114077682,90.0276848548133,82.3703471620909,0,0,178537,127109,0.0160842425378675
SOUTH_cd343,CoyoteCalifornia,AndeanFox,0.1488527537712,0.152882090737026,0.00173473260306639,0.0018934710628007,85.8073189539882,80.7417096255452,0,0,184093,131016,0.0133539000853329
SOUTH_cd349,CoyoteCalifornia,AndeanFox,0.148418359309166,0.152734415751319,0.00175947846329568,0.00191985191807663,84.3536095526645,79.555310653508,0,0,184081,131003,0.0143317837309858
SOUTH_cd516,CoyoteCalifornia,AndeanFox,0.14839545328656,0.151738360690774,0.00160479970057365,0.00180316600863113,92.4697663100974,84.1510764757407,0,0,184133,131043,0.0111380565885401
SOUTH_cd547,CoyoteCalifornia,AndeanFox,0.151604282431884,0.155057204570226,0.00168304898817961,0.00182645114652134,90.077165606367,84.8953473874993,0,0,184101,131021,0.011259718891007
SOUTH_cd548,CoyoteCalifornia,AndeanFox,0.147833973248487,0.150894490103732,0.00168274244079246,0.00180797812139016,87.8530009493709,83.4603518253354,0,0,184139,131043,0.0102451464480514
SOUTH_cd549,CoyoteCalifornia,AndeanFox,0.150226474118433,0.153152981277981,0.00174115711828466,0.00194602435407082,86.2796771990522,78.7004442969101,0,0,184127,131040,0.00964635906450682
SOUTH_cd605,CoyoteCalifornia,AndeanFox,0.147541629958317,0.15215455976524,0.00184703865853778,0.00196052558710253,79.8800984897195,77.6090660413722,0,0,183882,130862,0.0153920202027875
SOUTH_cd606,CoyoteCalifornia,AndeanFox,0.149011882392528,0.152726269147195,0.00184172455970246,0.0019782256985489,80.9088859718529,77.2036624836211,0,0,184138,131046,0.0123099672206296
SOUTH_cd615,CoyoteCalifornia,AndeanFox,0.149842528679345,0.153567834715376,0.00158258179111006,0.0016984955529066,94.6823282822194,90.4140340271004,0,0,183843,130845,0.0122781107222241
SOUTH_cd617,CoyoteCalifornia,AndeanFox,0.15218253321597,0.156460767776684,0.00160248158992297,0.00169965482754114,94.9667903662377,92.0544367252689,0,0,184098,131019,0.0138614204389145
SOUTH_cd639,CoyoteCalifornia,AndeanFox,0.150269157436756,0.153463979951345,0.00185498808595916,0.00196364383484811,81.0081523294829,78.1526553990457,0,0,184093,131015,0.0105185181375418
SOUTH_cd646,CoyoteCalifornia,AndeanFox,0.1473089664911,0.15124910015437,0.00176153976859166,0.00193815349446899,83.625115434591,78.037730544045,0,0,184130,131041,0.0131972105377715
SOUTH_cd651,CoyoteCalifornia,AndeanFox,0.149534867302739,0.153768524029679,0.00175672311788797,0.00197513540901694,85.1214774713722,77.8521428595179,0,0,184141,131046,0.0139584879296637
SOUTH_cd672,CoyoteCalifornia,AndeanFox,0.151527863760277,0.154812138507765,0.00171043080417963,0.00190750991559753,88.5904670273723,81.1592837562106,0,0,184146,131054,0.0107210116967164
SOUTH_cd673,CoyoteCalifornia,AndeanFox,0.149413256440331,0.152438652179213,0.0016525654460384,0.00184151886966901,90.4129133272825,82.7787619719651,0,0,184152,131056,0.0100227815444921
SOUTH_cd674,CoyoteCalifornia,AndeanFox,0.149223774552407,0.152754032463229,0.00162807248677344,0.00175561286713769,91.6567141602788,87.0089501635261,0,0,184096,131020,0.0116904548241811
SOUTH_cd678,CoyoteCalifornia,AndeanFox,0.150356350707766,0.153592399635396,0.00165605413272756,0.00181150755306438,90.7919298870535,84.7870600238878,0,0,183948,130906,0.0106466926545227
SOUTH_cd683,CoyoteCalifornia,AndeanFox,0.150564787661519,0.154123648406347,0.00176418847457067,0.00192204033144511,85.3450693232538,80.1875204618977,0,0,184140,131049,0.0116803275856363
SOUTH_cd684,CoyoteCalifornia,AndeanFox,0.151309644063571,0.154336202598644,0.00161440495707203,0.00174170173815792,93.724714732042,88.6123032534118,0,0,184134,131044,0.00990217458579866
SOUTH_cd686,CoyoteCalifornia,AndeanFox,0.151476914876855,0.154669922352654,0.0017389426723876,0.00183932706267717,87.1086305961278,84.0904945570308,0,0,183863,130848,0.0104296601744906
SOUTH_cd712,CoyoteCalifornia,AndeanFox,0.150398887784587,0.154672425326956,0.00162063779259129,0.0018597148947991,92.802283441823,83.1699664069556,0,0,184137,131049,0.014008323164775
SOUTH_cd713,CoyoteCalifornia,AndeanFox,0.146939185593058,0.150979546778365,0.00186635366421097,0.0020017130992541,78.730622395289,75.4251679896708,0,0,184134,131047,0.013561957494737
SOUTH_Kosci1,CoyoteCalifornia,AndeanFox,0.151459764808074,0.154668142155783,0.00155231170960485,0.00175081794157597,97.5704582210679,88.3405055905246,0,0,184105,131030,0.0104805124744389
SOUTH_Kosci3,CoyoteCalifornia,AndeanFox,0.150892483690326,0.154476772734336,0.00157345885023198,0.0017740845450076,95.8985890657894,87.0740761307257,0,0,184093,131017,0.0117375569694713
WEST_1.42,CoyoteCalifornia,AndeanFox,0.166961005548808,0.158513285856471,0.00165497900755442,0.00178177137322523,100.884062448338,88.9638750731203,0,0,183462,130590,-0.0259551058729155
WEST_1_14,CoyoteCalifornia,AndeanFox,0.166013226391897,0.157865301510266,0.00152331055766026,0.00166874051768556,108.981865553985,94.6014672965548,0,0,184026,130974,-0.0251573481403876
WEST_3-100,CoyoteCalifornia,AndeanFox,0.170559732302011,0.162492048952989,0.00139999190918958,0.00159700555560763,121.829084284311,101.74795471589,0,0,184088,131010,-0.0242235105863157
WEST_3.16,CoyoteCalifornia,AndeanFox,0.161953273566974,0.155333190829844,0.00141575809111495,0.00153348036408366,114.393323678222,101.294541793931,0,0,184050,130991,-0.0208646868996288
WEST_6.25,CoyoteCalifornia,AndeanFox,0.169990983063377,0.160793383046907,0.00141983171648489,0.00164314359188091,119.726148591911,97.85717075575,0,0,184098,131017,-0.0278054254033393
WEST_8.31,CoyoteCalifornia,AndeanFox,0.172050088122039,0.165576946592855,0.00142289636066791,0.00154031419654661,120.915403874726,107.495566141037,0,0,183836,130844,-0.0191724621064476
WEST_8.99,CoyoteCalifornia,AndeanFox,0.167966860019479,0.158911694012454,0.00157311865293344,0.00171965745962628,106.773166605244,92.4089231392567,0,0,183947,130916,-0.0277019275058969
WEST_9.17,CoyoteCalifornia,AndeanFox,0.170030899898457,0.160925942882792,0.00145600967787496,0.0016570408012528,116.77868800063,97.1164637353075,0,0,184143,131052,-0.0275110100131184
WEST_9.28,CoyoteCalifornia,AndeanFox,0.170944452589996,0.162689359255864,0.00147668559000266,0.00168110898945804,115.76225416386,96.7750218909434,0,0,184149,131056,-0.0247429758047019
WEST_9.56,CoyoteCalifornia,AndeanFox,0.169581222227696,0.162636947729509,0.0014498954061201,0.0016477293729388,116.961003884751,98.7036769511724,0,0,182961,130220,-0.020902753449883
WEST_10.64,CoyoteCalifornia,AndeanFox,0.167253387224686,0.157883587786251,0.0016333146385403,0.0017398042979768,102.401205057564,90.7479007666853,0,0,184074,131000,-0.0288180064359644
WEST_10.71,CoyoteCalifornia,AndeanFox,0.166352870552316,0.159526657312758,0.00160703309827296,0.00178844315072742,103.515522319416,89.1986179420202,0,0,183240,130427,-0.0209470453215576
WEST_11.7,CoyoteCalifornia,AndeanFox,0.170818891991463,0.162986809764404,0.00142095022011276,0.00157263458330695,120.214550498404,103.639339675256,0,0,184078,131006,-0.0234629971443309
WEST_11.99,CoyoteCalifornia,AndeanFox,0.165380191553972,0.157242397786176,0.00168006366233454,0.00181973956221849,98.4368600200351,86.4092868291978,0,0,183447,130576,-0.0252238808957557
WEST_12.86,CoyoteCalifornia,AndeanFox,0.16836120803749,0.159515484515527,0.00148451837020083,0.00165803251774091,113.411333545649,96.2076936421424,0,0,182842,130130,-0.0269788116169071
WEST_13.1,CoyoteCalifornia,AndeanFox,0.16610391266504,0.160241636170209,0.00140414347129197,0.0016314013019906,118.295541774094,98.223310214774,0,0,180363,128430,-0.0179634026440827
WEST_14.11,CoyoteCalifornia,AndeanFox,0.169259019813386,0.16006928806068,0.00159474443178121,0.00176636801179019,106.135513904467,90.6205767950087,0,0,184067,130999,-0.0279044695915416
WEST_16.46,CoyoteCalifornia,AndeanFox,0.172532433976188,0.165616393684859,0.00138597745307449,0.00157240410459661,124.484300659771,105.32686425882,0,0,183835,130839,-0.0204526519851232
WEST_16.58,CoyoteCalifornia,AndeanFox,0.171795414806783,0.162378652505469,0.00143724487690315,0.00160252454198611,119.531067786411,101.326780496119,0,0,184158,131063,-0.0281792132377349
WEST_17.99,CoyoteCalifornia,AndeanFox,0.169981644301401,0.161294117347847,0.0014759152896766,0.0017198094360378,115.170325485717,93.7860404577419,0,0,184139,131052,-0.0262244569608824
WEST_17_12,CoyoteCalifornia,AndeanFox,0.171080099594489,0.163827435881817,0.00143411846006275,0.0016013566416326,119.292864821644,102.305402570906,0,0,183946,130904,-0.0216557196969523
WEST_21.1,CoyoteCalifornia,AndeanFox,0.162437629305151,0.167359146170836,0.00144338179876558,0.00156022537140444,112.539613180707,107.266007359044,0,0,180774,128644,0.0149228774556173
WEST_21.4,CoyoteCalifornia,AndeanFox,0.166939926369417,0.172102293712324,0.00151958620267754,0.00164550074312404,109.858806348245,104.589617738842,0,0,183891,130865,0.0152263259179409
WEST_48.4,CoyoteCalifornia,AndeanFox,0.166041604432073,0.16428869436029,0.00135340419194765,0.00150427446017324,122.684417131238,109.214574008901,0,0,184115,131029,-0.00530653736030583
WEST_48.38,CoyoteCalifornia,AndeanFox,0.165139164359992,0.162721142090003,0.00140813280827825,0.00155185937182851,117.275276443499,104.855597771255,0,0,183524,130591,-0.0073751601594307
WEST_56.5,CoyoteCalifornia,AndeanFox,0.159395927217772,0.161244511807265,0.00155713038772343,0.00168239452350824,102.365176657308,95.8422709740091,0,0,182627,129976,0.0057652883557498
WEST_66.1,CoyoteCalifornia,AndeanFox,0.161719573270723,0.162498091894376,0.00155175871084746,0.00164955861141811,104.21695856465,98.5100443049296,0,0,184098,131020,0.00240122210261439
WEST_66.5,CoyoteCalifornia,AndeanFox,0.159114261948436,0.16056441674051,0.00166095479668752,0.00175873967790863,95.796864710443,91.2951579800834,0,0,183937,130908,0.00453628874475115
WEST_142.3,CoyoteCalifornia,AndeanFox,0.162799035887067,0.15977670681501,0.00144650668843919,0.00163695697548363,112.546341602285,97.6059292992748,0,0,183381,130516,-0.00936936251542196
WEST_149.2,CoyoteCalifornia,AndeanFox,0.164927856125441,0.161780807964996,0.00138575189931053,0.00153652283374477,119.016871784552,105.290207481465,0,0,183938,130905,-0.00963258250039723
WEST_152.3,CoyoteCalifornia,AndeanFox,0.157766082719987,0.155429617664654,0.00147418696081925,0.00159518541629192,107.019046371371,97.4367092860949,0,0,179183,127532,-0.00746008023885046
WEST_152.4,CoyoteCalifornia,AndeanFox,0.163198237119345,0.160033851283447,0.00144569235403997,0.00163520043351594,112.885868603573,97.8680337916427,0,0,184017,130965,-0.00978982579215656
WEST_155Q,CoyoteCalifornia,AndeanFox,0.15808196561054,0.159853069489279,0.00160063348058555,0.00176903672618203,98.7621260756772,90.3616454782585,0,0,184126,131037,0.00557064709204942
WEST_159.9,CoyoteCalifornia,AndeanFox,0.170100697765386,0.163859343702383,0.00133054425858834,0.00151585414604761,127.842945972993,108.097038313102,0,0,184016,130967,-0.0186889246856351
WEST_161Q,CoyoteCalifornia,AndeanFox,0.161615570849507,0.163019300592395,0.00153501242027889,0.00165777777212471,105.286164928974,98.3360395666661,0,0,183805,130825,0.00432402636430466
WEST_170Q,CoyoteCalifornia,AndeanFox,0.161974030064683,0.163645983572546,0.00157337396997778,0.00166617785299276,102.946936427943,98.2163958539049,0,0,184136,131041,0.00513467673312345
WEST_184.1,CoyoteCalifornia,AndeanFox,0.16787950537903,0.172929591221639,0.00145157005508637,0.0015660810725885,115.653739749434,110.421864007214,0,0,184141,131049,0.0148179314841637
WEST_184.3,CoyoteCalifornia,AndeanFox,0.167419005716024,0.172243916480079,0.00148145622215609,0.00161318933146098,113.009755679695,106.772288361272,0,0,183871,130859,0.0142049969212408
WEST_205,CoyoteCalifornia,AndeanFox,0.158578532833589,0.159770057759817,0.00148560970368508,0.00169063156741526,106.743064776861,94.5031790717616,0,0,183592,130656,0.00374283085094486
WEST_218.3,CoyoteCalifornia,AndeanFox,0.162823779886893,0.16321649552898,0.00140012231187272,0.00164822283794134,116.292539948963,99.0257456527178,0,0,183651,130694,0.00120450039979061
WEST_219.1,CoyoteCalifornia,AndeanFox,0.159057000348476,0.161042800047984,0.0015383418802675,0.00175907336371442,103.395092072003,91.549791708476,0,0,183648,130693,0.00620368927768397
WEST_cd002,CoyoteCalifornia,AndeanFox,0.156475912680406,0.158385558845067,0.00164344161385008,0.0018324143126833,95.2123345068709,86.435451714593,0,0,182731,130045,0.00606503601539143
WEST_cd005,CoyoteCalifornia,AndeanFox,0.158212946625505,0.158831169501897,0.00155185612652331,0.00173656563611165,101.950782628256,91.4628080845456,0,0,181360,129092,0.00194995852294322
WEST_cd014,CoyoteCalifornia,AndeanFox,0.161375510514399,0.162010221031736,0.00156605676521172,0.00171466117332542,103.045760600244,94.4852683154492,0,0,184128,131037,0.00196270414993831
WEST_cd028,CoyoteCalifornia,AndeanFox,0.163061785543538,0.155065272158197,0.00136080884215101,0.00148847490436654,119.827106124465,104.177283542573,0,0,184056,130990,-0.025136225265184
WEST_cd029,CoyoteCalifornia,AndeanFox,0.158185630401365,0.15242973129076,0.00142955155109472,0.0015326612168352,110.654023130701,99.4542887993945,0,0,184097,131009,-0.0185306324814353
WEST_cd032,CoyoteCalifornia,AndeanFox,0.16324113463616,0.15975440310868,0.00142137865182174,0.00157917579135258,114.847042641972,101.163153578899,0,0,184059,130987,-0.01079498358344
WEST_cd035,CoyoteCalifornia,AndeanFox,0.158655465380337,0.159864763431473,0.00157493164595993,0.00175312969326538,100.738000780749,91.1882127406723,0,0,184086,131005,0.0037966130303446
WEST_cd040,CoyoteCalifornia,AndeanFox,0.163762342359965,0.160699385910009,0.00150432825281933,0.00167426480393195,108.860776930202,95.9820606230347,0,0,184122,131034,-0.00944011630058085
WEST_cd045,CoyoteCalifornia,AndeanFox,0.169068567549185,0.160720009157526,0.00146057672486905,0.00160807517056037,115.754663668451,99.9455822090207,0,0,184125,131040,-0.025314880445611
WEST_cd053,CoyoteCalifornia,AndeanFox,0.170998000086995,0.162344165992188,0.00134734411447002,0.00153500828817042,126.914867739083,105.761100603363,0,0,184008,130962,-0.0259608143685963
WEST_cd054,CoyoteCalifornia,AndeanFox,0.16611317783156,0.157705300001001,0.0012975230112721,0.00145645002983261,128.023300079049,108.280611604042,0,0,184135,131044,-0.0259647870832946
WEST_cd055,CoyoteCalifornia,AndeanFox,0.17053267172825,0.163776754439583,0.00138646899553561,0.00158857182310512,122.997825611218,103.096852189821,0,0,183997,130944,-0.0202085755286938
WEST_cd056,CoyoteCalifornia,AndeanFox,0.166935766839523,0.158155747068913,0.00134689968318978,0.00156636139115932,123.94075737265,100.970151563718,0,0,182398,129843,-0.0270078405463474
WEST_cd057,CoyoteCalifornia,AndeanFox,0.170266687672834,0.160218829516574,0.0014501801889868,0.00162653077619417,117.410711417727,98.5034109784634,0,0,184073,131000,-0.0304033236969409
WEST_cd062,CoyoteCalifornia,AndeanFox,0.160200653441952,0.160976196660182,0.00160664281924348,0.0017024678828161,99.7114302713443,94.554615852081,0,0,183949,130906,0.00241469214852544
WEST_cd064,CoyoteCalifornia,AndeanFox,0.15027809914883,0.152249704906664,0.00178920592584885,0.00192376415792723,83.9915053811001,79.1415643540765,0,0,184107,131032,0.00651710596977766
WEST_cd068,CoyoteCalifornia,AndeanFox,0.153619599756643,0.156130965570389,0.00151652826561091,0.00169220690753093,101.296891881379,92.2647017191278,0,0,177492,126364,0.00810770372959449
WEST_cd091,CoyoteCalifornia,AndeanFox,0.161527227830476,0.159251744350444,0.00151524799058847,0.0015830571262942,106.601182666967,100.597597967446,0,0,183856,130851,-0.00709361796554572
WEST_cd092,CoyoteCalifornia,AndeanFox,0.167234702412653,0.1585801578761,0.00132474248557074,0.00150362938929343,126.239404438368,105.464923075638,0,0,184114,131031,-0.0265627679746797
WEST_cd108,CoyoteCalifornia,AndeanFox,0.151603551519964,0.148005620773263,0.00132969488525054,0.00153132371618032,114.01378857782,96.6520789885257,0,0,178853,127266,-0.012008746992496
WEST_cd120_1,CoyoteCalifornia,AndeanFox,0.161217386089846,0.162207897988973,0.00153890362876768,0.00170513956642628,104.761196917149,95.1288100885117,0,0,183434,130548,0.00306256791873451
WEST_cd121,CoyoteCalifornia,AndeanFox,0.170515447667061,0.162060941207613,0.00145515442515662,0.00166731165983998,117.180310707373,97.1989491293829,0,0,183976,130924,-0.0254212467940245
WEST_cd124,CoyoteCalifornia,AndeanFox,0.170525989189517,0.161801561320859,0.00144666866830973,0.0016175406838136,117.874944640059,100.029361202457,0,0,183711,130744,-0.0262524965362001
WEST_cd125,CoyoteCalifornia,AndeanFox,0.170031287853669,0.160791295520258,0.00148900609295399,0.0017053940891028,114.191129679228,94.2839526345778,0,0,184097,131013,-0.0279303554164167
WEST_cd126,CoyoteCalifornia,AndeanFox,0.170745167936633,0.164433213365028,0.00132959217235878,0.00152024555180712,128.419203637248,108.162272318157,0,0,183462,130590,-0.0188316279441816
WEST_cd168,CoyoteCalifornia,AndeanFox,0.167623474408128,0.162291322903289,0.00147614466908955,0.00157772181082008,113.554909568257,102.864346420446,0,0,183945,130904,-0.016162207783016
WEST_cd190,CoyoteCalifornia,AndeanFox,0.162215079378054,0.154488149461513,0.00142658420034379,0.00158206890944003,113.708731204904,97.6494440537316,0,0,183867,130852,-0.0243980143330195
WEST_cd191,CoyoteCalifornia,AndeanFox,0.163256771362319,0.15487447182513,0.00145653252373933,0.00157568547187318,112.085908623031,98.2902200913326,0,0,184121,131033,-0.0263485580768642
WEST_cd192,CoyoteCalifornia,AndeanFox,0.165237159007084,0.16350091966551,0.00140994885231864,0.00152924295804507,117.193725669803,106.91624820331,0,0,183105,130301,-0.00528152792212429
WEST_cd193,CoyoteCalifornia,AndeanFox,0.165739290298761,0.163327066807307,0.00135269407150927,0.00150100679790264,122.525332068498,108.811676959441,0,0,183852,130854,-0.00733050778167745
WEST_cd195,CoyoteCalifornia,AndeanFox,0.164757295265385,0.162777709929896,0.00136582739872787,0.00156554567644239,120.628196080149,103.975062739657,0,0,184092,131012,-0.006043889367822
WEST_cd196,CoyoteCalifornia,AndeanFox,0.165161547904918,0.162452676090783,0.00142454023982041,0.0015890662296294,115.940247448356,102.231532620682,0,0,184094,131012,-0.00826848047406744
WEST_cd197,CoyoteCalifornia,AndeanFox,0.162324559497669,0.164156446438823,0.00148740707733095,0.00159314578081867,109.132571689083,103.039187257847,0,0,184108,131031,0.00561100617752511
WEST_cd201,CoyoteCalifornia,AndeanFox,0.164803314881041,0.161899212959451,0.00141937995047311,0.00157203191260418,116.109372142469,102.987230514458,0,0,183898,130870,-0.0088891320822832
WEST_cd237,CoyoteCalifornia,AndeanFox,0.163917126589794,0.162074320406755,0.00145025988133254,0.00160923554886623,113.026036712249,100.715100732732,0,0,183364,130507,-0.005652928013961
WEST_cd243,CoyoteCalifornia,AndeanFox,0.161149666570671,0.162502010032039,0.00157526856688325,0.00174411444675721,102.299804591108,93.1716438300109,0,0,180548,128522,0.0041783916448788
WEST_cd260,CoyoteCalifornia,AndeanFox,0.144320134867377,0.146070396112692,0.00193293617812781,0.00205634933082641,74.6636834161599,71.0338432886735,0,0,182698,130064,0.00602726693397259
WEST_cd297,CoyoteCalifornia,AndeanFox,0.160706900304788,0.154961795095295,0.00138861009483938,0.00154107118648874,115.732199342377,100.554598939955,0,0,183760,130786,-0.018199793939691
WEST_cd309,CoyoteCalifornia,AndeanFox,0.170693494080488,0.160872307899736,0.00146812157942207,0.00163988452131387,116.266592953209,98.0997782519743,0,0,184140,131047,-0.0296206246907766
WEST_cd311,CoyoteCalifornia,AndeanFox,0.16446132206623,0.160252252389704,0.00153941533536423,0.00170199555686066,106.833625915074,94.1555057201735,0,0,184136,131046,-0.0129624075112326
WEST_cd325,CoyoteCalifornia,AndeanFox,0.16398483251665,0.155297594512219,0.001377575776057,0.00148964679100213,119.03870216564,104.251286580321,0,0,184078,131006,-0.0272086318225245
WEST_cd329,CoyoteCalifornia,AndeanFox,0.161356267126618,0.161546023783382,0.00152662651338541,0.00168096005758578,105.694657934899,96.1034279514035,0,0,183194,130371,0.000587659679431448
WEST_cd330,CoyoteCalifornia,AndeanFox,0.171845725240197,0.1633339183606,0.00151035002757722,0.00170292199748364,113.778741419205,95.913916551641,0,0,184139,131048,-0.0253947608158899
WEST_cd340,CoyoteCalifornia,AndeanFox,0.163521542898429,0.161102589149881,0.00150311812982625,0.00168918943470852,108.788218073938,95.372718914549,0,0,184121,131034,-0.00745155245632609
WEST_cd518,CoyoteCalifornia,AndeanFox,0.170766021706328,0.161969510783432,0.00146193905898202,0.00163596887324829,116.807893364062,99.0052521365115,0,0,184094,131019,-0.0264369448524918
WEST_cd555,CoyoteCalifornia,AndeanFox,0.161259536803185,0.159889236482044,0.00157749677209958,0.00172950860638966,102.224955166504,92.4477830820467,0,0,184155,131060,-0.00426687079362951
WEST_cd561,CoyoteCalifornia,AndeanFox,0.17010741768536,0.161126838660801,0.00154420721095671,0.00167836613452403,110.158414284292,96.0021984157199,0,0,184141,131051,-0.0271124705627488
WEST_cd563,CoyoteCalifornia,AndeanFox,0.170478430179842,0.162252721116996,0.00146075639070126,0.00166163167128736,116.705585726037,97.6466228471012,0,0,184123,131043,-0.0247217882389026
WEST_cd565,CoyoteCalifornia,AndeanFox,0.139004746543295,0.139821972269491,0.00180376471055492,0.00191640113567674,77.0636800520013,72.9607020505735,0,0,184134,131047,0.00293094481646329
WEST_cd567,CoyoteCalifornia,AndeanFox,0.148615513426205,0.149240335184461,0.00186702556885301,0.00195431818322158,79.6001489778769,76.3643998534811,0,0,183931,130913,0.00209773204444594
WEST_cd574,CoyoteCalifornia,AndeanFox,0.158773488046221,0.161149617438812,0.001691125284258,0.00182437861550377,93.8862954295457,88.3312356707892,0,0,184083,131003,0.00742718907091146
WEST_cd575,CoyoteCalifornia,AndeanFox,0.16355288673061,0.164991998738141,0.00143004592220073,0.00157815651426152,114.368975283615,104.547297588761,0,0,184101,131021,0.00438025996197638
WEST_cd581,CoyoteCalifornia,AndeanFox,0.156756356854915,0.159186483496697,0.00136583607574203,0.0014932031336355,114.769524424629,106.607386437186,0,0,179098,127459,0.00769166548948253
WEST_cd583,CoyoteCalifornia,AndeanFox,0.162427815338726,0.164457784961184,0.00140119308805597,0.00155209748700666,115.92107948811,105.958411979877,0,0,182518,129930,0.00621003072816577
WEST_cd585,CoyoteCalifornia,AndeanFox,0.159718713154809,0.162349345467139,0.00146974732845764,0.00162591985552109,108.670864754978,99.8507674999197,0,0,184047,130984,0.00816793917281238
WEST_cd586,CoyoteCalifornia,AndeanFox,0.159630735813213,0.162267783746124,0.00147338663492944,0.00159937505585298,108.342733691797,101.456992937522,0,0,184150,131056,0.00819217167112433
WEST_cd589,CoyoteCalifornia,AndeanFox,0.158174695093709,0.160303375250177,0.00158982022744574,0.00174818718777087,99.4921893451046,91.696916881413,0,0,183909,130894,0.00668391438747849
WEST_cd590,CoyoteCalifornia,AndeanFox,0.160775283888801,0.162190003815295,0.00149402198030707,0.00169486409681617,107.612395271291,95.6949906012947,0,0,184139,131050,0.00438040860846283
WEST_cd591,CoyoteCalifornia,AndeanFox,0.158918370006742,0.16164059519264,0.00155690818247219,0.00173395602227374,102.073052088659,93.2207005923256,0,0,184148,131050,0.00849211995741478
WEST_cd592,CoyoteCalifornia,AndeanFox,0.159176446947486,0.160798041459977,0.00161418874957066,0.00176557471838855,98.6108018593391,91.0740507242524,0,0,184129,131050,0.00506788688236163
WEST_cd593,CoyoteCalifornia,AndeanFox,0.161462377619271,0.164627539847814,0.00146983174141783,0.00163968091357634,109.85092583694,100.402180988215,0,0,184159,131061,0.00970640936441223
WEST_cd595,CoyoteCalifornia,AndeanFox,0.155571124435218,0.156456524061757,0.00164301217331758,0.00180312326949586,94.686531823491,86.7697326680841,0,0,184128,131038,0.00283756785914249
WEST_cd596,CoyoteCalifornia,AndeanFox,0.15376104392596,0.155048489611515,0.00163349583843058,0.00175067155285948,94.1300493753868,88.5651505322428,0,0,184151,131059,0.00416906068542449
WEST_cd597,CoyoteCalifornia,AndeanFox,0.158659225463064,0.159670653122393,0.00168701608108385,0.00183283004160447,94.0472513819379,87.1169991204512,0,0,184110,131027,0.00317729414474972
WEST_cd598,CoyoteCalifornia,AndeanFox,0.147664693423167,0.150045024763612,0.00174396043279416,0.00184618598779929,84.672043382647,81.2729734464456,0,0,184130,131039,0.00799547745683896
WEST_cd599,CoyoteCalifornia,AndeanFox,0.173114427266135,0.163407959819308,0.0014126392439565,0.00162409008031647,122.546805921432,100.615083978264,0,0,184082,131008,-0.0288434523803694
WEST_cd600,CoyoteCalifornia,AndeanFox,0.170264671224488,0.162227190298525,0.00156632587813839,0.00174575491810609,108.703223001621,92.926669497526,0,0,184153,131059,-0.0241734666501192
WEST_cd602,CoyoteCalifornia,AndeanFox,0.162654969616978,0.158249524361848,0.00158890747569646,0.00171548321593661,102.369063085742,92.2477835351178,0,0,184149,131052,-0.0137282130284553
WEST_cd626,CoyoteCalifornia,AndeanFox,0.16778527134306,0.160150130216196,0.0015458262618967,0.00169522420178785,108.540833778558,94.4713566779517,0,0,184158,131064,-0.0232824546863828
WEST_cd638,CoyoteCalifornia,AndeanFox,0.15914040394719,0.159623338369656,0.00157039771923557,0.00171509231849125,101.337643323028,93.0698229177979,0,0,184133,131046,0.0015150230667881
WEST_cd657,CoyoteCalifornia,AndeanFox,0.159950039371156,0.160166751873941,0.00157183006960065,0.00169318977223379,101.760389029709,94.5946842465487,0,0,184145,131053,0.000676979492208141
WEST_cd658,CoyoteCalifornia,AndeanFox,0.158312696188619,0.160394012235,0.00156134286628863,0.00171590368138676,101.395215366715,93.4749508232145,0,0,184134,131045,0.00653050592086936
WEST_cd665,CoyoteCalifornia,AndeanFox,0.157538189183759,0.159480116490549,0.00157607653242663,0.00174418390017238,99.9559259607803,91.4353793053513,0,0,184149,131055,0.00612559991656995
WEST_cd666,CoyoteCalifornia,AndeanFox,0.155089173219794,0.157012295936787,0.00154155173196669,0.00173053129784554,100.605883022773,90.7306883916303,0,0,184136,131046,0.00616185089480696
WEST_cd695,CoyoteCalifornia,AndeanFox,0.163847846162229,0.162297540720865,0.00137636563779266,0.00158887864512319,119.043836654481,102.145963896621,0,0,184090,131014,-0.00475341827207982
WEST_cd696,CoyoteCalifornia,AndeanFox,0.163764051051307,0.162378213793832,0.00148158099677336,0.00165379899783718,110.533309625298,98.1849753242012,0,0,183972,130933,-0.00424918021015296
WEST_cd697,CoyoteCalifornia,AndeanFox,0.159008291524271,0.157797423683745,0.00138761082708248,0.00154262379201572,114.591417435531,102.291579126726,0,0,180184,128271,-0.00382211488744891
WEST_cd699,CoyoteCalifornia,AndeanFox,0.162727075243673,0.161826090274308,0.00147418503007329,0.00165420852516674,110.384430667827,97.8268989745389,0,0,184135,131045,-0.00277607820563831
WEST_cd708,CoyoteCalifornia,AndeanFox,0.161473268595691,0.152847625516059,0.00170219752709655,0.00174146526650986,94.8616514977067,87.7695515698613,0,0,184128,131039,-0.027442156220659
WEST_cd709,CoyoteCalifornia,AndeanFox,0.143453150286218,0.139868779822802,0.00167233272785799,0.00171667357718855,85.7802684217994,81.476631132093,0,0,184142,131052,-0.0126512284525128
WEST_cd710,CoyoteCalifornia,AndeanFox,0.141485045810266,0.138179632950505,0.00175340676528728,0.00178088590063731,80.691513578759,77.5903907718374,0,0,184129,131045,-0.0118192003166365
WEST_NT01,CoyoteCalifornia,AndeanFox,0.164516013529129,0.15876905896669,0.00137513701249241,0.00156604439659786,119.636088647594,101.382220907406,0,0,181534,129248,-0.017776739637471
WEST_NT03,CoyoteCalifornia,AndeanFox,0.169095564715402,0.162289269399424,0.00134356005899155,0.00156612691145677,125.856349765505,103.624596584236,0,0,184137,131052,-0.0205389463104378
WEST_NT05,CoyoteCalifornia,AndeanFox,0.161859914341656,0.156789499598357,0.0013353894483926,0.00146348797555875,121.208022525927,107.134122190854,0,0,180718,128630,-0.0159122048291411
WEST_NT06,CoyoteCalifornia,AndeanFox,0.167181934085906,0.160744029315234,0.001360504290228,0.00153704435107514,122.882327741788,104.579955160562,0,0,182753,130080,-0.0196321898513338
WEST_NT07,CoyoteCalifornia,AndeanFox,0.166996939202722,0.161615930127454,0.00138023677472693,0.00152052978991941,120.991515557728,106.289223137167,0,0,183939,130905,-0.0163749188710593
WEST_NT09,CoyoteCalifornia,AndeanFox,0.166809883015844,0.160768004197748,0.00142777234532982,0.0015376954270309,116.832269206973,104.551266376705,0,0,183871,130863,-0.0184440984997131
WEST_NT10,CoyoteCalifornia,AndeanFox,0.162208268901627,0.157081738637406,0.00149143386316761,0.00162767714371609,108.759947663464,96.5066931386518,0,0,181717,129335,-0.016056031016235
WEST_NT11,CoyoteCalifornia,AndeanFox,0.16376667644239,0.158350881827979,0.00135335183922055,0.00151854461553484,121.008204737587,104.278056902667,0,0,180719,128691,-0.0168130996754454
WEST_NT12,CoyoteCalifornia,AndeanFox,0.166215225729628,0.159176356139126,0.00135908655855315,0.00156102693906108,122.299219783747,101.969000121719,0,0,181456,129178,-0.0216319965933873
WEST_TA24,CoyoteCalifornia,AndeanFox,0.162335915205828,0.157177386098103,0.00155297290654633,0.00165897734310432,104.532355021472,94.7435398990977,0,0,183975,130946,-0.0161449588692326
WEST_TA30,CoyoteCalifornia,AndeanFox,0.165571205857909,0.16049571175241,0.00140934530892521,0.00151281161574908,117.48093587098,106.091009668074,0,0,184093,131017,-0.0155658051503534
