Sample_Name,Population,Dingo_Ancestry,q_value,Longitude,Latitude,geometry,south_of_fence
BIGDESERT_cd073,BIGDESERT,0.865497822,1.0,140.461,-35.60562,POINT (140.461 -35.60562),True
BIGDESERT_cd075,BIGDESERT,0.868461126,1.0,140.8041,-35.66905,POINT (140.8041 -35.66905),True
BIGDESERT_cd111,BIGDESERT,0.875032917,1.0,141.3819,-35.31353,POINT (141.3819 -35.31353),True
BIGDESERT_cd112,BIGDESERT,0.879776305,1.0,141.9265,-35.88095,POINT (141.9265 -35.88095),True
BIGDESERT_cd113,BIGDESERT,0.872772721,1.0,140.8293,-35.83782,POINT (140.8293 -35.83782),True
BIGDESERT_cd114,BIGDESERT,0.874459058,1.0,142.0586,-35.41392,POINT (142.0586 -35.41392),True
BIGDESERT_cd115,BIGDESERT,0.884374768,1.0,141.4384,-35.97509,POINT (141.4384 -35.97509),True
BIGDESERT_cd271,BIGDESERT,0.865663618,1.0,141.6881,-35.2826,POINT (141.6881 -35.2826),True
BIGDESERT_cd272,BIGDESERT,0.874861569,1.0,142.0876,-35.4682,POINT (142.0876 -35.4682),True
BIGDESERT_cd273,BIGDESERT,0.865314903,1.0,141.1394,-35.3603,POINT (141.1394 -35.3603),True
BIGDESERT_cd274,BIGDESERT,0.830595,1.0,141.2952,-35.341,POINT (141.2952 -35.341),True
BIGDESERT_cd276,BIGDESERT,0.879929805,1.0,142.0579,-35.3028,POINT (142.0579 -35.3028),True
BIGDESERT_cd278,BIGDESERT,0.879108558,1.0,141.4399,-35.9031,POINT (141.4399 -35.9031),True
BIGDESERT_cd279,BIGDESERT,0.864087656,1.0,142.0601,-35.4293,POINT (142.0601 -35.4293),True
BIGDESERT_cd280,BIGDESERT,0.860877716,1.0,141.4381,-35.9597,POINT (141.4381 -35.9597),True
BIGDESERT_cd282,BIGDESERT,0.866250471,1.0,140.461,-35.6065,POINT (140.461 -35.6065),True
BIGDESERT_cd283,BIGDESERT,0.87991075,1.0,141.597,-35.2781,POINT (141.597 -35.2781),True
BIGDESERT_cd316,BIGDESERT,0.877406955,1.0,140.2224,-35.9827,POINT (140.2224 -35.9827),True
BIGDESERT_cd339,BIGDESERT,0.844624635,1.0,140.8036,-35.67556,POINT (140.8036 -35.67556),True
BIGDESERT_cd628,BIGDESERT,0.879252924,1.0,140.7544,-35.64884,POINT (140.7544 -35.64884),True
BIGDESERT_cd641,BIGDESERT,0.881616654,1.0,141.921752,-35.698,POINT (141.921752 -35.698),True
BIGDESERT_cd642,BIGDESERT,0.871096857,1.0,141.921752,-35.698,POINT (141.921752 -35.698),True
CAPTIVE_106.1,CAPTIVE,0.85603993,1.0,153.4273,-28.04843,POINT (153.4273 -28.04843),True
CAPTIVE_144.9,CAPTIVE,0.887350711,1.0,148.2484,-35.77729,POINT (148.2484 -35.77729),True
CAPTIVE_cd629,CAPTIVE,0.686845684,0.811,151.2892,-33.47553,POINT (151.2892 -33.47553),True
EAST_cd017,EAST,0.899406277,1.0,152.851,-31.04978,POINT (152.851 -31.04978),True
EAST_cd021,EAST,0.723705411,0.79,152.8616,-27.5227,POINT (152.8616 -27.5227),True
EAST_cd033,EAST,0.872181056,0.965,152.0989,-27.47943,POINT (152.0989 -27.47943),True
EAST_cd059,EAST,0.728518247,0.851,153.0005,-30.05752,POINT (153.0005 -30.05752),True
EAST_cd060,EAST,0.515844578,0.609,153.4535,-29.00777,POINT (153.4535 -29.00777),True
EAST_cd061,EAST,0.782334839,0.992,152.9058,-30.53715,POINT (152.9058 -30.53715),True
EAST_cd063,EAST,0.82051298,0.993,152.6833,-29.9,POINT (152.6833 -29.9),True
EAST_cd074,EAST,0.745819206,1.0,150.6042,-34.35397,POINT (150.6042 -34.35397),True
EAST_cd097,EAST,0.72507836,0.818,152.8487,-26.70643,POINT (152.8487 -26.70643),False
EAST_cd110,EAST,0.866907292,0.999,152.262,-32.00052,POINT (152.262 -32.00052),True
EAST_cd132,EAST,0.767953939,1.0,152.4607,-30.9439,POINT (152.4607 -30.9439),True
EAST_cd133,EAST,0.779253792,1.0,152.9797,-30.76669,POINT (152.9797 -30.76669),True
EAST_cd134,EAST,0.798266375,1.0,152.9797,-30.76669,POINT (152.9797 -30.76669),True
EAST_cd135,EAST,0.892906752,1.0,152.9746,-30.79855,POINT (152.9746 -30.79855),True
EAST_cd136,EAST,0.757197211,0.886,152.5096,-30.83572,POINT (152.5096 -30.83572),True
EAST_cd137,EAST,0.775062608,0.965,152.5096,-30.83572,POINT (152.5096 -30.83572),True
EAST_cd138,EAST,0.79796732,0.972,152.7936,-31.50689,POINT (152.7936 -31.50689),True
EAST_cd139,EAST,0.760215485,0.952,152.8218,-31.51257,POINT (152.8218 -31.51257),True
EAST_cd140,EAST,0.867867475,1.0,152.8252,-31.51708,POINT (152.8252 -31.51708),True
EAST_cd141,EAST,0.812392846,0.999,152.8116,-31.47985,POINT (152.8116 -31.47985),True
EAST_cd142,EAST,0.822083612,1.0,152.9664,-31.26074,POINT (152.9664 -31.26074),True
EAST_cd143,EAST,0.77709055,0.974,152.9005,-31.49984,POINT (152.9005 -31.49984),True
EAST_cd144,EAST,0.831592105,1.0,152.1699,-32.0432,POINT (152.1699 -32.0432),True
EAST_cd146,EAST,0.904663809,1.0,152.9896,-30.77168,POINT (152.9896 -30.77168),True
EAST_cd147,EAST,0.900130129,1.0,153.0321,-30.9846,POINT (153.0321 -30.9846),True
EAST_cd149,EAST,0.82273444,1.0,152.9664,-31.18675,POINT (152.9664 -31.18675),True
EAST_cd150,EAST,0.829577821,1.0,153.0463,-30.93151,POINT (153.0463 -30.93151),True
EAST_cd151,EAST,0.834367121,1.0,153.02,-30.99844,POINT (153.02 -30.99844),True
EAST_cd152,EAST,0.85296366,1.0,152.9012,-31.4001,POINT (152.9012 -31.4001),True
EAST_cd155,EAST,0.8906435,1.0,153.0209,-31.00662,POINT (153.0209 -31.00662),True
EAST_cd156,EAST,0.831656458,1.0,152.9481,-31.20757,POINT (152.9481 -31.20757),True
EAST_cd159,EAST,0.941113437,1.0,153.0243,-30.99737,POINT (153.0243 -30.99737),True
EAST_cd160,EAST,0.836234895,1.0,153.02,-31.08845,POINT (153.02 -31.08845),True
EAST_cd162,EAST,0.80603113,1.0,151.7095,-32.00572,POINT (151.7095 -32.00572),True
EAST_cd163,EAST,0.888775826,1.0,152.0967,-31.83239,POINT (152.0967 -31.83239),True
EAST_cd164,EAST,0.838552775,1.0,151.9408,-30.89452,POINT (151.9408 -30.89452),True
EAST_cd165,EAST,0.830651882,1.0,152.8581,-31.27541,POINT (152.8581 -31.27541),True
EAST_cd166,EAST,0.915828977,1.0,152.8627,-31.31499,POINT (152.8627 -31.31499),True
EAST_cd167,EAST,0.829193192,1.0,152.8627,-31.31497,POINT (152.8627 -31.31497),True
EAST_cd205,EAST,0.69860794,0.838,152.0351,-27.61274,POINT (152.0351 -27.61274),True
EAST_cd222,EAST,0.744101117,0.905,153.4538,-28.3634,POINT (153.4538 -28.3634),True
EAST_cd232,EAST,0.782538236,0.9,152.6646,-26.39517,POINT (152.6646 -26.39517),False
EAST_cd238,EAST,0.831091997,0.976,153.0423,-30.28586,POINT (153.0423 -30.28586),True
EAST_cd239,EAST,0.774610105,0.971,152.7167,-30.41667,POINT (152.7167 -30.41667),True
EAST_cd240,EAST,0.77494263,0.961,152.75,-30.3,POINT (152.75 -30.3),True
EAST_cd242,EAST,0.825276239,0.987,153.05,-30.28333,POINT (153.05 -30.28333),True
EAST_cd245,EAST,0.835965684,1.0,152.3248,-32.39432,POINT (152.3248 -32.39432),True
EAST_cd248,EAST,0.833651534,1.0,152.3098,-32.5437,POINT (152.3098 -32.5437),True
EAST_cd250,EAST,0.781992431,0.886,153.2372,-28.14572,POINT (153.2372 -28.14572),True
EAST_cd251,EAST,0.734284859,0.815,153.2397,-28.15141,POINT (153.2397 -28.15141),True
EAST_cd254,EAST,0.748586098,0.842,153.2323,-27.919,POINT (153.2323 -27.919),True
EAST_cd256,EAST,0.855105718,0.984,153.2676,-29.83797,POINT (153.2676 -29.83797),True
EAST_cd263,EAST,0.898659165,1.0,152.4416,-30.7858,POINT (152.4416 -30.7858),True
EAST_cd305,EAST,0.880824778,1.0,152.3946,-31.28163,POINT (152.3946 -31.28163),True
EAST_cd314,EAST,0.798387535,0.953,151.9688,-27.5108,POINT (151.9688 -27.5108),True
EAST_cd315,EAST,0.608279777,0.751,152.7507,-25.56579,POINT (152.7507 -25.56579),False
EAST_cd319,EAST,0.820164109,0.968,152.3267,-25.31136,POINT (152.3267 -25.31136),False
EAST_cd320,EAST,0.723796708,0.814,151.0409,-33.1869,POINT (151.0409 -33.1869),True
EAST_cd334,EAST,0.739738792,0.914,150.3682,-32.94524,POINT (150.3682 -32.94524),True
EAST_cd335,EAST,0.733049884,0.917,150.3682,-32.94524,POINT (150.3682 -32.94524),True
EAST_cd337,EAST,0.716223824,0.871,150.3682,-32.94524,POINT (150.3682 -32.94524),True
EAST_cd350,EAST,0.739436348,0.906,150.1596,-32.80897,POINT (150.1596 -32.80897),True
EAST_cd351,EAST,0.733079545,0.903,150.1596,-32.80897,POINT (150.1596 -32.80897),True
EAST_cd353,EAST,0.817243685,1.0,153.0009,-30.41468,POINT (153.0009 -30.41468),True
EAST_cd354,EAST,0.825697214,1.0,153.0009,-30.41468,POINT (153.0009 -30.41468),True
EAST_cd355,EAST,0.813975585,0.995,153.0009,-30.41468,POINT (153.0009 -30.41468),True
EAST_cd519,EAST,0.779070285,0.988,152.4618,-30.25148,POINT (152.4618 -30.25148),True
EAST_cd520,EAST,0.78446763,0.919,150.1595,-32.80933,POINT (150.1595 -32.80933),True
EAST_cd521,EAST,0.770523932,0.903,150.1595,-32.80933,POINT (150.1595 -32.80933),True
EAST_cd522,EAST,0.682061966,0.87,150.1595,-32.80933,POINT (150.1595 -32.80933),True
EAST_cd523,EAST,0.791825642,0.897,152.854,-26.61278,POINT (152.854 -26.61278),False
EAST_cd526,EAST,0.87653292,1.0,152.7,-30.28647,POINT (152.7 -30.28647),True
EAST_cd550,EAST,0.907373417,1.0,151.9623,-32.0282,POINT (151.9623 -32.0282),True
EAST_cd551,EAST,0.812867243,0.999,151.9623,-32.0282,POINT (151.9623 -32.0282),True
EAST_cd552,EAST,0.859732396,0.989,151.9478,-32.16119,POINT (151.9478 -32.16119),True
EAST_cd553,EAST,0.707226259,0.819,153.0948,-30.16555,POINT (153.0948 -30.16555),True
EAST_cd554,EAST,0.78871333,0.999,150.7384,-34.30877,POINT (150.7384 -34.30877),True
EAST_cd559,EAST,0.899544478,1.0,152.1842,-32.65726,POINT (152.1842 -32.65726),True
EAST_cd568,EAST,0.822163514,0.911,152.6,-27.87,POINT (152.6 -27.87),True
EAST_cd570,EAST,0.659041323,0.795,153.0961,-30.21338,POINT (153.0961 -30.21338),True
EAST_cd613,EAST,0.801692073,0.986,152.4715,-31.6116,POINT (152.4715 -31.6116),True
EAST_cd618,EAST,0.809962295,0.94,150.2714,-33.32164,POINT (150.2714 -33.32164),True
EAST_cd622,EAST,0.817004515,1.0,152.7169,-30.2169,POINT (152.7169 -30.2169),True
EAST_cd631,EAST,0.819196951,1.0,151.7612,-32.79921,POINT (151.7612 -32.79921),True
EAST_cd634,EAST,0.810683319,0.946,152.4339,-27.23481,POINT (152.4339 -27.23481),True
EAST_cd636,EAST,0.748528718,1.0,150.58,-34.32,POINT (150.58 -34.32),True
EAST_cd637,EAST,0.844666814,1.0,152.8055,-30.68087,POINT (152.8055 -30.68087),True
EAST_cd645,EAST,0.751751551,1.0,150.5735,-34.32421,POINT (150.5735 -34.32421),True
EAST_cd647,EAST,0.825774153,1.0,152.6474,-31.29596,POINT (152.6474 -31.29596),True
EAST_cd649,EAST,0.845069344,1.0,152.7676,-30.69803,POINT (152.7676 -30.69803),True
EAST_cd650,EAST,0.803239564,0.991,153.1219,-29.3192,POINT (153.1219 -29.3192),True
EAST_cd654,EAST,0.787399332,0.865,152.624,-25.4949,POINT (152.624 -25.4949),False
EAST_cd655,EAST,0.760142049,0.876,153.4389,-28.69645,POINT (153.4389 -28.69645),True
EAST_cd656,EAST,0.783285925,0.903,153.4305,-28.65694,POINT (153.4305 -28.65694),True
EAST_cd659,EAST,0.748960134,0.888,151.6435,-28.21185,POINT (151.6435 -28.21185),True
EAST_cd663,EAST,0.822149757,0.965,152.5625,-25.83622,POINT (152.5625 -25.83622),False
EAST_cd702,EAST,0.726110229,0.996,150.5204,-34.38886,POINT (150.5204 -34.38886),True
EAST_cd714,EAST,0.874395856,1.0,152.183,-32.66153,POINT (152.183 -32.66153),True
EAST_cd718,EAST,0.910661005,1.0,152.1795,-32.63979,POINT (152.1795 -32.63979),True
SOUTH_138.4,SOUTH,0.852606213,1.0,147.8157,-36.0721,POINT (147.8157 -36.0721),True
SOUTH_207.2,SOUTH,0.718900424,0.981,147.3498,-36.57791,POINT (147.3498 -36.57791),True
SOUTH_209.2,SOUTH,0.826117826,1.0,147.7394,-36.16272,POINT (147.7394 -36.16272),True
SOUTH_209.3,SOUTH,0.860197491,1.0,147.7719,-36.07278,POINT (147.7719 -36.07278),True
SOUTH_214.4,SOUTH,0.814753211,1.0,147.8449,-36.14806,POINT (147.8449 -36.14806),True
SOUTH_44.2,SOUTH,0.830338367,1.0,148.9134,-35.79751,POINT (148.9134 -35.79751),True
SOUTH_64.3,SOUTH,0.818890007,0.993,147.0378,-36.77829,POINT (147.0378 -36.77829),True
SOUTH_65.1,SOUTH,0.802385807,1.0,147.8652,-36.27755,POINT (147.8652 -36.27755),True
SOUTH_85.1,SOUTH,0.802091891,1.0,147.9035,-37.34451,POINT (147.9035 -37.34451),True
SOUTH_86.1,SOUTH,0.841562368,1.0,147.9814,-37.21963,POINT (147.9814 -37.21963),True
SOUTH_89.3,SOUTH,0.798706944,0.991,147.1951,-36.50343,POINT (147.1951 -36.50343),True
SOUTH_95.4,SOUTH,0.861247822,0.998,147.6032,-37.60797,POINT (147.6032 -37.60797),True
SOUTH_cd031,SOUTH,0.716023744,0.931,145.8098,-37.98066,POINT (145.8098 -37.98066),True
SOUTH_cd179,SOUTH,0.724150511,0.934,145.6684,-37.78457,POINT (145.6684 -37.78457),True
SOUTH_cd184,SOUTH,0.705459858,0.913,145.6656,-37.80574,POINT (145.6656 -37.80574),True
SOUTH_cd206,SOUTH,0.810207247,1.0,148.1994,-35.54721,POINT (148.1994 -35.54721),True
SOUTH_cd223,SOUTH,0.835250234,1.0,146.9828,-36.76278,POINT (146.9828 -36.76278),True
SOUTH_cd244,SOUTH,0.792694541,0.9,150.8082,-35.01633,POINT (150.8082 -35.01633),True
SOUTH_cd284,SOUTH,0.812068052,0.996,147.6467,-37.03196,POINT (147.6467 -37.03196),True
SOUTH_cd286,SOUTH,0.831241038,1.0,147.6467,-37.03196,POINT (147.6467 -37.03196),True
SOUTH_cd287,SOUTH,0.833116525,1.0,147.6467,-37.03196,POINT (147.6467 -37.03196),True
SOUTH_cd289,SOUTH,0.792513733,0.998,147.6467,-37.03196,POINT (147.6467 -37.03196),True
SOUTH_cd290,SOUTH,0.830301318,1.0,147.6467,-37.03196,POINT (147.6467 -37.03196),True
SOUTH_cd291,SOUTH,0.823913748,1.0,147.6467,-37.03196,POINT (147.6467 -37.03196),True
SOUTH_cd292,SOUTH,0.839651936,1.0,147.6467,-37.03196,POINT (147.6467 -37.03196),True
SOUTH_cd293,SOUTH,0.81015658,1.0,147.6467,-37.03196,POINT (147.6467 -37.03196),True
SOUTH_cd295,SOUTH,0.832109755,1.0,147.6467,-37.03196,POINT (147.6467 -37.03196),True
SOUTH_cd318,SOUTH,0.797064322,0.955,149.8477,-37.11756,POINT (149.8477 -37.11756),True
SOUTH_cd338,SOUTH,0.864597939,1.0,148.8095,-35.26304,POINT (148.8095 -35.26304),True
SOUTH_cd341,SOUTH,0.766898094,0.882,145.9005,-37.21682,POINT (145.9005 -37.21682),True
SOUTH_cd343,SOUTH,0.81803139,1.0,147.1527,-36.77227,POINT (147.1527 -36.77227),True
SOUTH_cd349,SOUTH,0.811975157,0.998,146.1277,-37.28506,POINT (146.1277 -37.28506),True
SOUTH_cd516,SOUTH,0.806602603,1.0,147.6467,-37.03196,POINT (147.6467 -37.03196),True
SOUTH_cd547,SOUTH,0.838217182,1.0,147.6467,-37.03196,POINT (147.6467 -37.03196),True
SOUTH_cd548,SOUTH,0.814998859,1.0,147.6467,-37.03196,POINT (147.6467 -37.03196),True
SOUTH_cd549,SOUTH,0.816302816,1.0,147.6467,-37.03196,POINT (147.6467 -37.03196),True
SOUTH_cd605,SOUTH,0.810203423,1.0,146.7492,-36.57532,POINT (146.7492 -36.57532),True
SOUTH_cd606,SOUTH,0.819981235,1.0,146.7492,-36.57532,POINT (146.7492 -36.57532),True
SOUTH_cd615,SOUTH,0.831120355,1.0,147.8368,-36.26684,POINT (147.8368 -36.26684),True
SOUTH_cd617,SOUTH,0.853926479,1.0,146.4158,-38.00917,POINT (146.4158 -38.00917),True
SOUTH_cd639,SOUTH,0.819662483,1.0,146.9145,-36.70463,POINT (146.9145 -36.70463),True
SOUTH_cd646,SOUTH,0.800188983,0.972,145.4635,-37.541,POINT (145.4635 -37.541),True
SOUTH_cd651,SOUTH,0.77184738,1.0,145.6706,-37.53986,POINT (145.6706 -37.53986),True
SOUTH_cd672,SOUTH,0.846282027,1.0,146.9803,-36.72282,POINT (146.9803 -36.72282),True
SOUTH_cd673,SOUTH,0.820567405,1.0,146.9803,-36.72282,POINT (146.9803 -36.72282),True
SOUTH_cd674,SOUTH,0.812245917,1.0,146.9803,-36.72282,POINT (146.9803 -36.72282),True
SOUTH_cd678,SOUTH,0.827484116,1.0,146.9803,-36.72282,POINT (146.9803 -36.72282),True
SOUTH_cd683,SOUTH,0.844843298,1.0,146.9803,-36.72282,POINT (146.9803 -36.72282),True
SOUTH_cd684,SOUTH,0.832331544,1.0,146.9803,-36.72282,POINT (146.9803 -36.72282),True
SOUTH_cd686,SOUTH,0.843726832,1.0,146.9803,-36.72282,POINT (146.9803 -36.72282),True
SOUTH_cd712,SOUTH,0.836341998,1.0,147.4156,-36.63056,POINT (147.4156 -36.63056),True
SOUTH_cd713,SOUTH,0.792788285,1.0,147.4156,-36.63056,POINT (147.4156 -36.63056),True
SOUTH_Kosci1,SOUTH,0.823770838,1.0,148.6628,-36.2182,POINT (148.6628 -36.2182),True
SOUTH_Kosci3,SOUTH,0.840898487,1.0,148.6628,-36.2182,POINT (148.6628 -36.2182),True
WEST_1.42,WEST,0.884246822,1.0,120.1314,-31.22347,POINT (120.1314 -31.22347),False
WEST_10.64,WEST,1.0,1.0,115.906,-27.309,POINT (115.906 -27.309),False
WEST_10.71,WEST,0.901016113,0.994,128.8006,-31.70378,POINT (128.8006 -31.70378),False
WEST_11.7,WEST,1.0,1.0,124.5411,-29.35754,POINT (124.5411 -29.35754),False
WEST_11.99,WEST,0.888591401,0.991,120.0326,-32.5969,POINT (120.0326 -32.5969),False
WEST_12.86,WEST,1.0,1.0,122.167,-31.14452,POINT (122.167 -31.14452),False
WEST_13.1,WEST,1.0,1.0,125.862,-30.986,POINT (125.862 -30.986),False
WEST_14.11,WEST,1.0,1.0,116.2215,-25.39975,POINT (116.2215 -25.39975),False
WEST_142.3,WEST,0.906986217,1.0,134.7386,-27.93841,POINT (134.7386 -27.93841),False
WEST_149.2,WEST,0.937264715,1.0,140.3409,-31.74611,POINT (140.3409 -31.74611),True
WEST_152.3,WEST,0.884735318,0.979,138.2768,-30.06505,POINT (138.2768 -30.06505),True
WEST_152.4,WEST,0.945076649,0.992,138.2768,-30.06505,POINT (138.2768 -30.06505),True
WEST_155Q,WEST,0.899162725,1.0,149.0834,-27.15147,POINT (149.0834 -27.15147),True
WEST_159.9,WEST,1.0,1.0,134.0576,-26.90822,POINT (134.0576 -26.90822),False
WEST_16.46,WEST,1.0,1.0,125.4759,-30.57863,POINT (125.4759 -30.57863),False
WEST_16.58,WEST,1.0,1.0,119.3853,-25.56431,POINT (119.3853 -25.56431),False
WEST_161Q,WEST,0.942557903,1.0,149.383,-27.133,POINT (149.383 -27.133),True
WEST_17.99,WEST,0.925880307,1.0,121.1158,-27.90189,POINT (121.1158 -27.90189),False
WEST_170Q,WEST,0.950800952,1.0,152.993,-27.353,POINT (152.993 -27.353),True
WEST_184.1,WEST,1.0,1.0,153.0292,-25.70383,POINT (153.0292 -25.70383),False
WEST_184.3,WEST,1.0,1.0,153.1233,-25.515,POINT (153.1233 -25.515),False
WEST_205,WEST,0.895129982,1.0,150.6989,-27.68222,POINT (150.6989 -27.68222),True
WEST_21.1,WEST,0.951284981,1.0,153.283,-25.167,POINT (153.283 -25.167),False
WEST_21.4,WEST,1.0,1.0,153.0767,-25.79134,POINT (153.0767 -25.79134),False
WEST_218.3,WEST,0.945442872,1.0,144.3467,-21.62325,POINT (144.3467 -21.62325),False
WEST_219.1,WEST,0.913089808,0.984,145.3663,-16.36221,POINT (145.3663 -16.36221),False
WEST_3-100,WEST,1.0,1.0,156.4368,-23.73831,POINT (156.4368 -23.73831),False
WEST_3.16,WEST,0.923687328,0.988,129.1885,-16.49722,POINT (129.1885 -16.49722),False
WEST_48.38,WEST,1.0,1.0,140.6622,-30.52622,POINT (140.6622 -30.52622),False
WEST_48.4,WEST,1.0,1.0,140.6622,-30.52622,POINT (140.6622 -30.52622),False
WEST_56.5,WEST,0.930473674,1.0,149.4008,-26.79271,POINT (149.4008 -26.79271),True
WEST_6.25,WEST,0.922067558,1.0,117.29,-29.423,POINT (117.29 -29.423),False
WEST_66.1,WEST,0.936474043,1.0,146.7672,-19.23107,POINT (146.7672 -19.23107),False
WEST_66.5,WEST,0.894604972,0.999,146.7627,-19.22445,POINT (146.7627 -19.22445),False
WEST_8.31,WEST,1.0,1.0,126.8317,-31.02705,POINT (126.8317 -31.02705),False
WEST_8.99,WEST,0.891263755,1.0,119.7901,-31.06883,POINT (119.7901 -31.06883),False
WEST_9.17,WEST,0.928703356,1.0,118.0635,-20.93725,POINT (118.0635 -20.93725),False
WEST_9.28,WEST,1.0,1.0,122.5133,-30.38679,POINT (122.5133 -30.38679),False
WEST_9.56,WEST,1.0,1.0,127.9714,-31.67489,POINT (127.9714 -31.67489),False
WEST_cd002,WEST,0.890219594,0.971,145.6965,-17.7734,POINT (145.6965 -17.7734),False
WEST_cd005,WEST,0.892773776,0.998,144.7659,-17.28202,POINT (144.7659 -17.28202),False
WEST_cd014,WEST,0.920707895,1.0,146.9531,-19.36908,POINT (146.9531 -19.36908),False
WEST_cd028,WEST,0.944497981,0.997,127.8973,-18.40766,POINT (127.8973 -18.40766),False
WEST_cd029,WEST,0.888617177,0.958,131.0898,-13.24237,POINT (131.0898 -13.24237),False
WEST_cd035,WEST,0.896529528,0.995,148.9184,-21.29167,POINT (148.9184 -21.29167),False
WEST_cd053,WEST,1.0,1.0,122.2231,-21.71357,POINT (122.2231 -21.71357),False
WEST_cd054,WEST,1.0,1.0,128.6154,-15.72487,POINT (128.6154 -15.72487),False
WEST_cd055,WEST,1.0,1.0,120.7358,-23.38896,POINT (120.7358 -23.38896),False
WEST_cd057,WEST,1.0,1.0,120.8631,-22.79829,POINT (120.8631 -22.79829),False
WEST_cd062,WEST,0.910934068,1.0,148.76,-20.29443,POINT (148.76 -20.29443),False
WEST_cd064,WEST,0.819626037,0.899,145.4516,-17.11455,POINT (145.4516 -17.11455),False
WEST_cd068,WEST,0.874216977,0.943,150.5699,-23.3385,POINT (150.5699 -23.3385),False
WEST_cd091,WEST,0.893289472,0.999,124.4301,-16.86307,POINT (124.4301 -16.86307),False
WEST_cd092,WEST,1.0,1.0,141.4102,-32.09196,POINT (141.4102 -32.09196),True
WEST_cd121,WEST,1.0,1.0,120.2073,-26.59433,POINT (120.2073 -26.59433),False
WEST_cd124,WEST,1.0,1.0,119.0793,-22.72781,POINT (119.0793 -22.72781),False
WEST_cd125,WEST,1.0,1.0,117.1347,-20.81959,POINT (117.1347 -20.81959),False
WEST_cd126,WEST,1.0,1.0,118.6719,-20.3426,POINT (118.6719 -20.3426),False
WEST_cd168,WEST,1.0,1.0,133.8427,-23.73034,POINT (133.8427 -23.73034),False
WEST_cd190,WEST,0.928612179,0.984,122.2745,-17.95779,POINT (122.2745 -17.95779),False
WEST_cd191,WEST,0.937364162,0.99,122.2745,-17.95779,POINT (122.2745 -17.95779),False
WEST_cd192,WEST,0.95643228,1.0,141.008,-29.46661,POINT (141.008 -29.46661),False
WEST_cd193,WEST,1.0,1.0,141.008,-29.46661,POINT (141.008 -29.46661),False
WEST_cd195,WEST,1.0,1.0,141.0088,-29.33237,POINT (141.0088 -29.33237),False
WEST_cd196,WEST,0.952484899,1.0,141.0088,-29.33237,POINT (141.0088 -29.33237),False
WEST_cd197,WEST,0.943098026,1.0,143.5919,-29.75932,POINT (143.5919 -29.75932),True
WEST_cd201,WEST,0.933177638,1.0,141.006,-29.44589,POINT (141.006 -29.44589),False
WEST_cd243,WEST,0.94736433,1.0,146.2836,-24.83367,POINT (146.2836 -24.83367),True
WEST_cd260,WEST,0.720790223,0.821,145.6825,-16.91028,POINT (145.6825 -16.91028),False
WEST_cd297,WEST,0.926891046,0.996,131.0404,-13.73,POINT (131.0404 -13.73),False
WEST_cd325,WEST,0.951092784,0.996,123.701,-17.356,POINT (123.701 -17.356),False
WEST_cd329,WEST,0.919560621,1.0,146.8693,-19.35252,POINT (146.8693 -19.35252),False
WEST_cd330,WEST,1.0,1.0,115.7333,-22.7,POINT (115.7333 -22.7),False
WEST_cd340,WEST,0.908143007,1.0,138.5915,-31.39448,POINT (138.5915 -31.39448),True
WEST_cd518,WEST,1.0,1.0,119.3302,-23.1495,POINT (119.3302 -23.1495),False
WEST_cd555,WEST,0.909271724,0.998,142.0089,-29.43654,POINT (142.0089 -29.43654),True
WEST_cd561,WEST,1.0,1.0,122.4112,-29.37529,POINT (122.4112 -29.37529),False
WEST_cd563,WEST,1.0,1.0,121.3079,-28.85226,POINT (121.3079 -28.85226),False
WEST_cd565,WEST,0.667172744,0.723,145.7655,-17.01042,POINT (145.7655 -17.01042),False
WEST_cd567,WEST,0.762339935,0.843,145.7695,-17.60637,POINT (145.7695 -17.60637),False
WEST_cd574,WEST,0.893778532,1.0,150.9406,-27.62583,POINT (150.9406 -27.62583),True
WEST_cd575,WEST,1.0,1.0,146.8869,-27.28361,POINT (146.8869 -27.28361),True
WEST_cd581,WEST,0.923275017,0.985,147.8947,-28.30222,POINT (147.8947 -28.30222),True
WEST_cd583,WEST,1.0,1.0,147.8947,-28.30222,POINT (147.8947 -28.30222),True
WEST_cd585,WEST,0.938819037,1.0,150.0972,-27.84807,POINT (150.0972 -27.84807),True
WEST_cd586,WEST,0.941694357,1.0,150.0972,-27.84807,POINT (150.0972 -27.84807),True
WEST_cd589,WEST,0.901821646,0.999,150.3733,-27.8725,POINT (150.3733 -27.8725),True
WEST_cd590,WEST,0.927487687,1.0,150.3733,-27.8725,POINT (150.3733 -27.8725),True
WEST_cd591,WEST,0.916926409,1.0,150.3733,-27.8725,POINT (150.3733 -27.8725),True
WEST_cd592,WEST,0.916013054,1.0,150.3733,-27.8725,POINT (150.3733 -27.8725),True
WEST_cd593,WEST,0.945960803,1.0,150.3733,-27.8725,POINT (150.3733 -27.8725),True
WEST_cd595,WEST,0.853431062,0.954,148.4932,-21.14176,POINT (148.4932 -21.14176),False
WEST_cd596,WEST,0.819678614,0.935,145.5357,-16.96922,POINT (145.5357 -16.96922),False
WEST_cd597,WEST,0.906213079,0.989,146.1653,-18.62625,POINT (146.1653 -18.62625),False
WEST_cd598,WEST,0.747394954,0.849,145.6109,-17.49516,POINT (145.6109 -17.49516),False
WEST_cd599,WEST,0.964023381,1.0,119.2235,-22.93347,POINT (119.2235 -22.93347),False
WEST_cd600,WEST,1.0,1.0,122.4005,-28.6809,POINT (122.4005 -28.6809),False
WEST_cd626,WEST,0.901246304,1.0,121.5575,-31.42043,POINT (121.5575 -31.42043),False
WEST_cd638,WEST,0.894953431,0.997,146.8356,-19.43747,POINT (146.8356 -19.43747),False
WEST_cd657,WEST,0.888518924,0.997,149.0271,-21.04196,POINT (149.0271 -21.04196),False
WEST_cd658,WEST,0.901553958,1.0,150.8063,-22.7998,POINT (150.8063 -22.7998),False
WEST_cd665,WEST,0.866996321,0.997,152.2173,-24.98381,POINT (152.2173 -24.98381),False
WEST_cd666,WEST,0.874954816,0.942,145.5511,-16.92363,POINT (145.5511 -16.92363),False
WEST_cd695,WEST,0.943853586,1.0,143.2695,-24.49887,POINT (143.2695 -24.49887),False
WEST_cd696,WEST,0.944808363,1.0,143.2695,-24.49887,POINT (143.2695 -24.49887),False
WEST_cd697,WEST,0.919429127,0.999,143.2695,-24.49887,POINT (143.2695 -24.49887),False
WEST_cd699,WEST,0.938222235,1.0,143.2695,-24.49887,POINT (143.2695 -24.49887),False
WEST_cd708,WEST,0.828844427,0.91,116.8491,-20.74322,POINT (116.8491 -20.74322),False
WEST_cd709,WEST,0.681038943,0.734,133.8866,-23.673,POINT (133.8866 -23.673),False
WEST_cd710,WEST,0.657901924,0.698,133.8866,-23.673,POINT (133.8866 -23.673),False
WEST_NT01,WEST,1.0,1.0,130.015,-20.192,POINT (130.015 -20.192),False
WEST_NT03,WEST,1.0,1.0,129.73,-20.571,POINT (129.73 -20.571),False
WEST_NT05,WEST,0.950135986,1.0,129.73,-20.571,POINT (129.73 -20.571),False
WEST_NT06,WEST,1.0,1.0,129.73,-20.571,POINT (129.73 -20.571),False
WEST_NT07,WEST,1.0,1.0,129.153,-20.505,POINT (129.153 -20.505),False
WEST_NT09,WEST,1.0,1.0,130.317,-20.542,POINT (130.317 -20.542),False
WEST_NT10,WEST,0.916151223,0.968,130.317,-20.542,POINT (130.317 -20.542),False
WEST_NT11,WEST,1.0,1.0,130.317,-20.542,POINT (130.317 -20.542),False
WEST_NT12,WEST,1.0,1.0,130.317,-20.542,POINT (130.317 -20.542),False
WEST_TA24,WEST,0.92651633,0.962,133.877,-23.694,POINT (133.877 -23.694),False
WEST_TA30,WEST,1.0,1.0,133.059,-22.387,POINT (133.059 -22.387),False
